id,message,sender,receiver,story,createdate,createtime
1,Polarised content-based intranet,632,551,Horizontal optimal leverage,2024-02-27,6:40:51
2,Enterprise-wide heuristic frame,374,724,Compatible actuating synergy,2024-02-26,9:54:33
3,Triple-buffered exuding framework,509,934,Inverse foreground middleware,2024-02-27,17:33:25
4,Distributed directional array,716,250,Networked multi-tasking benchmark,2024-02-27,2:32:27
5,Centralized mobile utilisation,889,167,Synchronised static contingency,2024-02-27,21:04:42
6,Organized non-volatile synergy,457,753,Switchable eco-centric complexity,2024-02-28,6:04:57
7,Persistent encompassing methodology,122,864,Cross-platform client-server encryption,2024-02-28,20:55:23
8,Customizable zero administration orchestration,176,525,Function-based encompassing toolset,2024-02-27,22:27:27
9,Exclusive responsive knowledge base,873,79,Optimized zero administration intranet,2024-02-27,4:22:58
10,Adaptive grid-enabled open architecture,513,283,Upgradable explicit collaboration,2024-02-26,20:00:50
11,Business-focused fault-tolerant toolset,852,969,Right-sized even-keeled focus group,2024-02-28,3:48:15
12,Profound coherent collaboration,407,672,Face to face 3rd generation hub,2024-02-26,8:28:24
13,Implemented multimedia adapter,757,330,Upgradable heuristic approach,2024-02-28,12:38:41
14,Centralized 5th generation application,823,539,Reverse-engineered client-driven implementation,2024-02-27,8:13:05
15,Reduced mission-critical synergy,570,842,Synergistic intangible task-force,2024-02-27,4:10:11
16,Progressive disintermediate access,915,478,Realigned context-sensitive time-frame,2024-02-28,14:11:49
17,Open-architected 3rd generation groupware,788,284,Automated responsive migration,2024-02-27,2:48:34
18,Pre-emptive empowering secured line,492,140,Automated asymmetric methodology,2024-02-26,15:16:13
19,Advanced object-oriented project,734,262,Managed zero defect interface,2024-02-28,1:24:45
20,Stand-alone discrete solution,883,889,Fundamental demand-driven analyzer,2024-02-27,9:49:59
21,Public-key intermediate flexibility,489,554,Reverse-engineered motivating monitoring,2024-02-27,7:59:12
22,Synergized mobile initiative,908,518,Universal web-enabled alliance,2024-02-27,13:12:34
23,Vision-oriented tangible installation,631,9,Front-line static model,2024-02-27,17:30:46
24,Upgradable cohesive paradigm,489,999,Digitized stable internet solution,2024-02-28,0:19:09
25,Synergized multimedia open architecture,636,594,Up-sized modular software,2024-02-26,23:25:12
26,Managed intangible framework,564,299,User-centric uniform extranet,2024-02-26,4:08:22
27,Proactive object-oriented paradigm,495,954,Persevering system-worthy access,2024-02-28,16:06:32
28,Intuitive full-range throughput,814,485,Upgradable stable groupware,2024-02-27,20:28:00
29,Networked 3rd generation extranet,402,330,Universal uniform parallelism,2024-02-28,14:37:00
30,User-centric executive task-force,35,664,Reactive exuding forecast,2024-02-28,11:48:41
31,Advanced scalable open architecture,315,829,Adaptive homogeneous pricing structure,2024-02-28,6:14:59
32,Ameliorated neutral process improvement,188,116,Fully-configurable interactive workforce,2024-02-28,1:02:49
33,Organic even-keeled utilisation,687,945,Cloned coherent service-desk,2024-02-26,0:09:08
34,Adaptive multi-state task-force,887,579,Phased grid-enabled structure,2024-02-26,3:37:40
35,User-centric heuristic matrices,666,29,Assimilated web-enabled support,2024-02-26,11:32:16
36,Adaptive client-driven Graphic Interface,570,686,Reactive encompassing moderator,2024-02-26,6:51:06
37,Optimized executive service-desk,445,247,Advanced mission-critical access,2024-02-27,9:46:16
38,Team-oriented hybrid internet solution,2,256,Quality-focused intermediate synergy,2024-02-28,6:29:23
39,Virtual transitional system engine,306,260,Multi-tiered content-based infrastructure,2024-02-26,6:31:15
40,Polarised interactive productivity,172,412,Stand-alone disintermediate extranet,2024-02-28,0:27:01
41,Pre-emptive client-server knowledge base,414,677,Implemented value-added implementation,2024-02-27,14:42:12
42,Polarised discrete methodology,36,786,Open-source empowering policy,2024-02-28,23:51:24
43,Mandatory object-oriented time-frame,825,114,Reactive value-added migration,2024-02-27,19:21:03
44,Mandatory demand-driven intranet,654,208,Sharable next generation implementation,2024-02-27,23:34:20
45,Assimilated bandwidth-monitored implementation,627,768,Pre-emptive interactive project,2024-02-28,4:24:49
46,De-engineered attitude-oriented frame,996,289,Cross-group user-facing standardization,2024-02-27,14:55:10
47,Horizontal systematic secured line,295,436,Automated next generation archive,2024-02-26,18:57:30
48,Vision-oriented optimizing open architecture,729,418,Progressive value-added access,2024-02-27,10:39:26
49,Decentralized radical framework,585,997,Open-architected context-sensitive portal,2024-02-28,7:29:12
50,User-friendly asynchronous leverage,95,522,Inverse zero defect artificial intelligence,2024-02-28,16:02:47
51,Reduced object-oriented framework,261,782,Face to face coherent challenge,2024-02-28,18:10:03
52,Persevering optimizing solution,773,717,Profit-focused tertiary parallelism,2024-02-26,15:27:41
53,Polarised reciprocal customer loyalty,968,532,Reactive non-volatile ability,2024-02-27,20:31:50
54,Organic uniform contingency,903,680,Fully-configurable intermediate process improvement,2024-02-26,10:02:18
55,Expanded 3rd generation installation,587,952,Up-sized stable utilisation,2024-02-27,9:41:47
56,Implemented motivating archive,438,586,Profit-focused 3rd generation methodology,2024-02-28,22:05:47
57,Assimilated zero administration solution,235,959,Decentralized background parallelism,2024-02-27,20:14:42
58,Down-sized executive data-warehouse,672,754,Re-engineered zero administration framework,2024-02-27,9:14:09
59,Adaptive solution-oriented migration,977,379,Visionary logistical Graphic Interface,2024-02-27,19:08:01
60,Exclusive 3rd generation software,943,679,Inverse executive standardization,2024-02-28,4:13:51
61,Assimilated analyzing moderator,655,352,Inverse coherent analyzer,2024-02-27,0:29:10
62,Future-proofed bandwidth-monitored approach,934,428,Versatile logistical artificial intelligence,2024-02-27,20:55:28
63,Universal regional infrastructure,379,380,Monitored bi-directional core,2024-02-26,7:23:38
64,Optional incremental application,800,540,Organized composite flexibility,2024-02-27,22:58:14
65,Customizable cohesive intranet,967,472,Innovative asymmetric hub,2024-02-28,15:39:04
66,Switchable scalable focus group,289,274,Organic multimedia concept,2024-02-28,10:24:55
67,Organized attitude-oriented data-warehouse,655,107,Self-enabling solution-oriented definition,2024-02-26,6:41:56
68,Secured dynamic alliance,5,420,Open-architected solution-oriented secured line,2024-02-27,6:38:20
69,Profound zero defect synergy,489,253,Intuitive uniform time-frame,2024-02-28,13:53:20
70,Cross-group value-added function,623,80,Quality-focused tertiary hierarchy,2024-02-28,13:27:38
71,Future-proofed discrete array,1,293,Quality-focused global installation,2024-02-26,4:28:40
72,Networked explicit array,898,219,Vision-oriented zero defect productivity,2024-02-26,3:49:37
73,Right-sized contextually-based open system,326,175,Up-sized scalable archive,2024-02-27,20:18:02
74,Robust incremental policy,832,410,Polarised 24/7 hardware,2024-02-27,2:13:48
75,Intuitive background algorithm,776,197,Down-sized exuding synergy,2024-02-26,15:29:42
76,Total demand-driven data-warehouse,20,639,Synergized 24/7 challenge,2024-02-27,4:52:38
77,Expanded 4th generation portal,836,765,Proactive high-level pricing structure,2024-02-28,13:21:53
78,Diverse clear-thinking hardware,181,895,Fundamental logistical middleware,2024-02-26,0:32:29
79,Adaptive 5th generation installation,983,946,Horizontal background info-mediaries,2024-02-26,15:57:53
80,Multi-tiered fault-tolerant attitude,377,565,Reduced grid-enabled synergy,2024-02-27,12:39:59
81,Digitized intermediate archive,962,205,De-engineered object-oriented frame,2024-02-26,17:06:55
82,Fundamental 24/7 adapter,576,376,Multi-layered 3rd generation approach,2024-02-28,12:25:06
83,Cross-platform intermediate knowledge user,370,499,Assimilated zero administration open architecture,2024-02-27,21:26:42
84,Versatile even-keeled middleware,466,676,Progressive system-worthy firmware,2024-02-27,18:42:40
85,Up-sized homogeneous archive,539,681,Organized optimizing system engine,2024-02-28,14:48:04
86,Decentralized contextually-based methodology,162,222,Configurable mobile secured line,2024-02-28,1:11:13
87,Multi-lateral contextually-based encoding,818,39,Sharable directional extranet,2024-02-26,23:03:54
88,Polarised interactive capacity,126,658,Networked bifurcated portal,2024-02-26,16:29:26
89,Public-key cohesive pricing structure,992,40,Exclusive real-time forecast,2024-02-26,13:48:23
90,Re-contextualized 24 hour algorithm,681,584,Advanced analyzing internet solution,2024-02-26,11:58:33
91,Multi-tiered non-volatile throughput,256,744,Vision-oriented intangible collaboration,2024-02-27,5:37:42
92,Future-proofed zero administration product,297,157,Visionary local attitude,2024-02-28,3:10:49
93,Face to face non-volatile initiative,372,655,Stand-alone tangible extranet,2024-02-27,0:54:32
94,Profit-focused local forecast,33,633,Vision-oriented mobile initiative,2024-02-28,1:37:10
95,Optional methodical open architecture,476,107,User-friendly 24 hour encryption,2024-02-27,0:47:33
96,Enhanced multimedia instruction set,147,681,Networked value-added concept,2024-02-28,12:25:02
97,Front-line uniform knowledge user,785,890,Ergonomic zero administration service-desk,2024-02-26,4:24:26
98,Integrated bottom-line concept,382,480,Quality-focused responsive firmware,2024-02-28,21:28:56
99,Down-sized impactful infrastructure,266,573,User-centric systemic functionalities,2024-02-26,20:52:07
100,Front-line 24 hour array,13,738,Multi-lateral high-level focus group,2024-02-27,9:51:50
101,Progressive didactic synergy,967,783,Business-focused upward-trending approach,2024-02-27,4:45:00
102,Right-sized national interface,83,540,Focused empowering frame,2024-02-26,8:51:52
103,Monitored tangible alliance,557,781,Monitored systemic analyzer,2024-02-28,15:14:26
104,Expanded leading edge system engine,512,831,De-engineered responsive analyzer,2024-02-28,17:01:02
105,Managed maximized strategy,422,180,Phased neutral emulation,2024-02-27,22:56:37
106,Persevering uniform initiative,975,524,Polarised explicit hardware,2024-02-28,10:20:55
107,Public-key stable projection,487,895,Distributed demand-driven neural-net,2024-02-27,15:52:47
108,Seamless content-based capability,633,493,Compatible 3rd generation extranet,2024-02-28,23:15:30
109,Vision-oriented global archive,184,392,Centralized tangible challenge,2024-02-28,7:42:49
110,Assimilated zero defect Graphical User Interface,795,635,Mandatory client-server pricing structure,2024-02-28,20:31:44
111,Up-sized discrete moratorium,472,279,Cloned discrete concept,2024-02-27,8:44:02
112,Decentralized system-worthy attitude,157,48,Public-key dynamic conglomeration,2024-02-26,17:08:26
113,Ergonomic hybrid contingency,393,293,Mandatory interactive intranet,2024-02-26,18:33:59
114,Customizable optimal initiative,321,858,Proactive bandwidth-monitored solution,2024-02-27,12:26:26
115,Implemented content-based installation,230,35,Multi-channelled logistical forecast,2024-02-27,17:11:15
116,Adaptive logistical firmware,172,782,De-engineered impactful utilisation,2024-02-27,12:00:24
117,Configurable holistic intranet,439,840,Vision-oriented 3rd generation moratorium,2024-02-28,12:09:35
118,Reverse-engineered encompassing flexibility,408,485,Public-key real-time moratorium,2024-02-28,6:28:20
119,Front-line disintermediate analyzer,756,267,Stand-alone context-sensitive solution,2024-02-26,1:19:37
120,Innovative 5th generation capacity,456,413,Enhanced explicit frame,2024-02-28,18:51:00
121,Programmable bandwidth-monitored solution,593,165,Persevering homogeneous forecast,2024-02-27,1:02:14
122,Re-contextualized radical access,505,512,Advanced value-added definition,2024-02-27,5:33:03
123,Advanced responsive standardization,673,158,Robust multi-state service-desk,2024-02-28,9:24:09
124,Organic empowering analyzer,45,368,Sharable global instruction set,2024-02-27,0:16:29
125,Reduced contextually-based firmware,961,28,Visionary directional flexibility,2024-02-28,23:50:00
126,Self-enabling regional secured line,894,336,Team-oriented dedicated core,2024-02-27,14:18:51
127,Customizable dedicated software,928,961,Self-enabling systematic adapter,2024-02-27,13:07:41
128,Balanced asynchronous service-desk,104,497,Triple-buffered transitional open architecture,2024-02-28,8:02:55
129,Exclusive user-facing moderator,521,358,Expanded 3rd generation intranet,2024-02-27,1:18:50
130,Assimilated dedicated conglomeration,540,156,Devolved systematic array,2024-02-27,11:35:52
131,Secured reciprocal open system,823,110,Synergistic solution-oriented alliance,2024-02-28,18:34:42
132,Implemented contextually-based middleware,919,633,Object-based bandwidth-monitored challenge,2024-02-26,20:36:26
133,Expanded reciprocal success,120,555,Synergistic intermediate access,2024-02-26,8:50:50
134,Multi-lateral next generation methodology,964,680,Re-engineered web-enabled array,2024-02-27,16:35:24
135,Innovative needs-based matrix,211,368,Pre-emptive national emulation,2024-02-26,7:00:26
136,Sharable 3rd generation product,416,827,Persevering object-oriented intranet,2024-02-26,4:48:50
137,Decentralized neutral solution,690,787,Organic methodical Graphic Interface,2024-02-27,14:33:59
138,Ergonomic static model,794,428,Multi-tiered content-based knowledge user,2024-02-26,9:09:09
139,Distributed neutral forecast,954,246,Organized responsive adapter,2024-02-28,4:18:45
140,Enhanced incremental productivity,688,343,Multi-lateral encompassing frame,2024-02-28,17:51:40
141,Managed interactive algorithm,237,415,Progressive composite alliance,2024-02-27,14:27:41
142,Managed needs-based attitude,861,389,Devolved solution-oriented time-frame,2024-02-26,9:39:01
143,Mandatory intangible superstructure,230,316,Advanced content-based architecture,2024-02-26,2:42:10
144,Operative neutral throughput,347,704,Vision-oriented bifurcated attitude,2024-02-28,5:23:05
145,Devolved attitude-oriented moratorium,190,177,Synergized stable structure,2024-02-26,8:12:43
146,Grass-roots homogeneous synergy,904,296,Intuitive system-worthy projection,2024-02-28,18:23:17
147,Seamless homogeneous capability,746,490,Ameliorated asymmetric approach,2024-02-27,20:46:34
148,Multi-tiered uniform ability,622,493,Upgradable transitional frame,2024-02-26,0:32:40
149,Operative discrete ability,144,218,Digitized background installation,2024-02-26,16:29:20
150,Configurable leading edge contingency,25,784,Down-sized grid-enabled open system,2024-02-28,8:36:13
151,Managed clear-thinking interface,396,869,Monitored clear-thinking knowledge user,2024-02-26,0:47:31
152,Mandatory tangible hub,223,164,Cloned hybrid methodology,2024-02-27,9:11:40
153,Reverse-engineered grid-enabled interface,655,10,Fully-configurable asynchronous conglomeration,2024-02-26,18:54:15
154,Persistent grid-enabled productivity,936,694,Reactive content-based support,2024-02-26,15:17:01
155,Public-key interactive conglomeration,251,351,Enterprise-wide fault-tolerant array,2024-02-26,11:22:10
156,Extended tangible functionalities,486,405,Reduced full-range flexibility,2024-02-28,9:03:25
157,Organized multi-tasking core,343,779,Robust didactic hub,2024-02-28,6:27:58
158,Progressive solution-oriented synergy,580,118,Reduced directional Graphic Interface,2024-02-26,19:40:16
159,Persistent next generation policy,989,876,Implemented heuristic productivity,2024-02-26,17:46:39
160,Focused transitional capacity,386,237,Persistent fresh-thinking implementation,2024-02-28,6:44:13
161,Self-enabling homogeneous orchestration,382,841,Profit-focused reciprocal focus group,2024-02-26,20:48:18
162,Cross-platform neutral hardware,964,498,Quality-focused demand-driven benchmark,2024-02-27,6:36:55
163,Business-focused human-resource data-warehouse,134,676,Synchronised 24/7 database,2024-02-26,19:18:13
164,Reduced asymmetric throughput,822,125,Enhanced interactive database,2024-02-27,1:02:32
165,Secured 6th generation software,940,953,De-engineered empowering standardization,2024-02-27,13:31:23
166,Fully-configurable explicit monitoring,289,294,Cross-group explicit website,2024-02-28,23:00:13
167,Front-line dynamic portal,177,561,Triple-buffered tangible knowledge base,2024-02-28,18:34:38
168,Proactive foreground concept,733,222,Digitized static project,2024-02-28,18:24:56
169,Face to face discrete projection,535,483,Down-sized maximized info-mediaries,2024-02-26,14:23:07
170,Total stable artificial intelligence,360,996,Synergized needs-based system engine,2024-02-27,6:31:14
171,Robust real-time encryption,703,866,Profound 24/7 info-mediaries,2024-02-26,12:47:49
172,Managed incremental intranet,193,326,Re-contextualized neutral success,2024-02-26,19:09:06
173,Visionary actuating groupware,841,392,Future-proofed web-enabled matrices,2024-02-28,5:36:37
174,Compatible optimizing approach,194,998,Optimized intermediate model,2024-02-27,15:30:47
175,Open-source heuristic analyzer,828,917,Digitized explicit implementation,2024-02-27,7:16:32
176,Enhanced actuating methodology,98,430,Advanced mission-critical ability,2024-02-27,21:30:59
177,Function-based 24/7 initiative,85,740,Compatible asynchronous extranet,2024-02-28,2:45:21
178,Compatible systematic leverage,351,62,Enhanced 3rd generation intranet,2024-02-28,6:17:17
179,Balanced fault-tolerant superstructure,85,774,Polarised heuristic infrastructure,2024-02-28,2:11:54
180,Reactive radical capacity,973,252,Secured non-volatile throughput,2024-02-27,13:51:38
181,Virtual cohesive capacity,206,473,Advanced bottom-line structure,2024-02-28,16:58:00
182,Enterprise-wide 24/7 policy,175,66,Function-based value-added contingency,2024-02-27,8:43:22
183,Programmable user-facing database,543,432,Persevering mission-critical internet solution,2024-02-28,4:42:54
184,Team-oriented stable contingency,478,26,Multi-channelled next generation matrices,2024-02-27,19:36:12
185,Cross-platform radical infrastructure,652,348,Adaptive directional middleware,2024-02-26,19:42:04
186,Configurable static algorithm,149,167,Object-based zero defect software,2024-02-26,9:57:22
187,Cross-group bandwidth-monitored throughput,803,441,Ergonomic intermediate website,2024-02-27,1:30:37
188,Integrated needs-based array,42,498,Phased transitional strategy,2024-02-26,21:12:21
189,Re-contextualized maximized approach,31,433,Automated non-volatile database,2024-02-27,7:58:17
190,Integrated impactful functionalities,448,275,Extended attitude-oriented emulation,2024-02-28,18:10:27
191,Optional 5th generation capacity,332,247,Proactive directional model,2024-02-27,7:07:17
192,Profound transitional open architecture,561,982,Ergonomic incremental toolset,2024-02-28,8:23:16
193,Multi-layered disintermediate Graphical User Interface,509,715,Reverse-engineered upward-trending adapter,2024-02-26,23:25:54
194,Open-architected static capacity,287,782,Fundamental 24 hour challenge,2024-02-26,1:26:50
195,Versatile 6th generation contingency,454,561,Organic clear-thinking toolset,2024-02-26,16:28:19
196,Multi-lateral 5th generation structure,789,745,Customizable hybrid knowledge base,2024-02-28,18:02:32
197,Decentralized systemic support,408,144,Multi-layered full-range focus group,2024-02-28,22:25:14
198,Proactive eco-centric secured line,223,282,Cross-platform static hierarchy,2024-02-28,16:06:29
199,Right-sized scalable algorithm,444,247,Programmable neutral migration,2024-02-26,10:00:16
200,Synergistic fault-tolerant toolset,914,243,Re-engineered value-added hardware,2024-02-26,12:33:16
201,Seamless scalable initiative,603,510,Adaptive leading edge architecture,2024-02-26,13:38:55
202,Decentralized asynchronous support,179,584,Vision-oriented heuristic budgetary management,2024-02-28,3:43:39
203,Multi-layered optimal interface,553,475,Customizable cohesive info-mediaries,2024-02-27,12:03:13
204,Upgradable needs-based methodology,5,591,Virtual neutral ability,2024-02-27,18:22:38
205,User-centric background help-desk,964,434,Optimized systemic concept,2024-02-28,7:48:25
206,Business-focused next generation capacity,287,524,Customer-focused methodical algorithm,2024-02-26,10:23:35
207,Persevering 6th generation encryption,703,151,Persistent high-level portal,2024-02-27,3:31:26
208,Phased grid-enabled archive,7,563,Extended 5th generation software,2024-02-26,16:37:56
209,Fully-configurable client-server system engine,226,870,Horizontal static alliance,2024-02-26,17:56:47
210,Persistent stable portal,228,798,Upgradable value-added function,2024-02-28,4:44:39
211,Self-enabling intermediate array,192,8,Proactive needs-based core,2024-02-28,18:34:39
212,Decentralized systemic implementation,489,715,Intuitive client-server analyzer,2024-02-28,2:35:18
213,Virtual intangible internet solution,664,429,Proactive client-server application,2024-02-26,17:59:07
214,Ameliorated global challenge,516,588,Realigned composite paradigm,2024-02-26,2:19:43
215,Extended optimal artificial intelligence,622,531,Reactive homogeneous interface,2024-02-26,7:25:13
216,Innovative 5th generation analyzer,866,668,Advanced cohesive encoding,2024-02-28,22:26:01
217,Mandatory 3rd generation functionalities,724,696,Universal heuristic model,2024-02-27,19:51:08
218,Networked fresh-thinking strategy,55,434,Distributed homogeneous conglomeration,2024-02-28,15:53:46
219,Virtual next generation paradigm,759,713,Focused methodical hierarchy,2024-02-26,12:41:44
220,Progressive 24/7 moratorium,991,388,Open-architected well-modulated array,2024-02-26,1:28:25
221,Horizontal foreground secured line,546,808,Expanded exuding instruction set,2024-02-27,11:08:36
222,Monitored leading edge flexibility,157,561,Triple-buffered secondary toolset,2024-02-27,5:39:57
223,Compatible intermediate framework,703,99,Right-sized neutral open system,2024-02-27,5:26:49
224,Customizable regional implementation,372,49,Distributed next generation adapter,2024-02-28,8:38:59
225,Horizontal executive utilisation,131,796,Total even-keeled matrices,2024-02-27,23:47:57
226,Secured static orchestration,445,523,Expanded asynchronous intranet,2024-02-26,15:43:50
227,Vision-oriented methodical complexity,710,493,Extended multi-tasking emulation,2024-02-28,14:02:49
228,Front-line grid-enabled toolset,409,804,Extended object-oriented support,2024-02-26,18:55:20
229,Cloned exuding benchmark,723,920,Customer-focused homogeneous ability,2024-02-28,7:02:45
230,Face to face user-facing portal,710,371,Organized transitional moratorium,2024-02-27,15:55:14
231,Distributed asymmetric website,667,9,Quality-focused system-worthy initiative,2024-02-26,0:30:51
232,Reduced radical local area network,9,752,Robust real-time circuit,2024-02-26,21:17:51
233,Phased upward-trending instruction set,977,180,Enterprise-wide contextually-based policy,2024-02-28,22:22:23
234,Multi-layered human-resource paradigm,801,595,Grass-roots disintermediate protocol,2024-02-26,2:23:22
235,Object-based motivating hardware,786,344,Multi-layered stable internet solution,2024-02-27,19:09:38
236,Persistent mission-critical interface,405,701,Multi-lateral optimal archive,2024-02-27,2:29:44
237,Business-focused client-server portal,477,963,Grass-roots interactive service-desk,2024-02-27,19:37:11
238,Synergistic tangible installation,319,848,User-centric executive firmware,2024-02-27,0:13:18
239,Open-source neutral project,666,261,Synergistic context-sensitive customer loyalty,2024-02-28,13:49:48
240,Programmable client-driven circuit,494,99,Total 5th generation implementation,2024-02-27,17:01:40
241,Optional contextually-based matrices,690,207,Open-architected stable knowledge user,2024-02-27,9:33:04
242,Configurable asynchronous attitude,442,23,Fundamental homogeneous groupware,2024-02-26,0:48:34
243,Versatile human-resource alliance,247,915,Polarised even-keeled archive,2024-02-28,14:20:11
244,Operative intangible access,635,247,Devolved zero tolerance budgetary management,2024-02-28,8:16:52
245,Cross-group actuating collaboration,929,880,Synergized discrete pricing structure,2024-02-28,4:24:01
246,Self-enabling client-server challenge,649,846,Networked upward-trending conglomeration,2024-02-28,6:47:58
247,Profit-focused well-modulated circuit,706,961,Compatible multi-state functionalities,2024-02-26,7:40:35
248,Right-sized systematic workforce,886,739,Polarised foreground contingency,2024-02-27,12:37:58
249,Innovative holistic collaboration,51,657,Grass-roots discrete circuit,2024-02-27,14:41:48
250,Triple-buffered uniform knowledge base,877,2,Ergonomic grid-enabled circuit,2024-02-26,12:47:22
251,Switchable contextually-based approach,436,219,Expanded 24 hour approach,2024-02-28,3:20:22
252,Organic non-volatile frame,533,616,Seamless empowering extranet,2024-02-27,0:46:20
253,Adaptive heuristic definition,735,772,Synchronised 6th generation synergy,2024-02-26,19:02:31
254,Vision-oriented analyzing task-force,220,832,Adaptive upward-trending capability,2024-02-26,18:03:28
255,Automated upward-trending knowledge user,641,823,Grass-roots demand-driven analyzer,2024-02-27,21:11:35
256,Robust context-sensitive forecast,239,812,Open-source actuating frame,2024-02-27,19:45:27
257,Re-contextualized didactic internet solution,149,513,Innovative needs-based data-warehouse,2024-02-27,16:06:48
258,User-friendly motivating protocol,913,902,Quality-focused context-sensitive paradigm,2024-02-26,19:37:40
259,Fully-configurable logistical strategy,681,333,Persevering contextually-based definition,2024-02-28,10:50:52
260,Total well-modulated capacity,8,986,Profit-focused 6th generation middleware,2024-02-27,22:03:21
261,Streamlined transitional solution,176,757,Progressive multi-tasking local area network,2024-02-28,17:39:03
262,Multi-channelled global infrastructure,647,528,Expanded local forecast,2024-02-26,9:38:46
263,Digitized 5th generation benchmark,986,954,Reactive web-enabled hub,2024-02-28,23:28:14
264,Persistent system-worthy function,282,404,Devolved radical instruction set,2024-02-26,4:00:32
265,Multi-channelled impactful approach,38,862,Balanced intermediate moratorium,2024-02-26,9:38:02
266,Total intangible initiative,485,318,Distributed bandwidth-monitored protocol,2024-02-26,5:24:22
267,Object-based actuating open system,153,332,Optional regional firmware,2024-02-26,21:03:03
268,Phased client-driven solution,549,124,User-centric tangible matrix,2024-02-27,17:41:30
269,Front-line 24 hour model,185,69,Intuitive full-range array,2024-02-26,10:24:43
270,Public-key encompassing frame,224,990,Virtual exuding policy,2024-02-26,21:05:54
271,Assimilated upward-trending productivity,401,120,Inverse bandwidth-monitored hub,2024-02-26,0:24:34
272,Monitored exuding moderator,770,694,Inverse human-resource installation,2024-02-27,3:26:29
273,Profound grid-enabled benchmark,565,238,Self-enabling intermediate core,2024-02-27,17:19:37
274,Up-sized optimal functionalities,634,502,Right-sized zero defect moratorium,2024-02-27,21:00:05
275,Team-oriented tertiary installation,676,468,Robust zero defect definition,2024-02-26,12:24:53
276,Focused motivating workforce,73,656,Public-key homogeneous encryption,2024-02-28,10:23:05
277,Versatile explicit instruction set,445,592,Pre-emptive intermediate installation,2024-02-28,2:01:25
278,Automated analyzing instruction set,245,378,Universal disintermediate flexibility,2024-02-26,21:57:10
279,Diverse multi-state application,994,820,Open-architected client-driven open architecture,2024-02-28,8:46:02
280,Secured fault-tolerant policy,550,160,Configurable disintermediate knowledge base,2024-02-28,20:16:05
281,Pre-emptive high-level neural-net,53,316,Enhanced discrete open architecture,2024-02-27,3:17:18
282,Front-line executive monitoring,923,36,Centralized system-worthy definition,2024-02-26,19:01:43
283,Integrated tertiary definition,918,95,Assimilated object-oriented extranet,2024-02-28,23:45:26
284,Fully-configurable heuristic middleware,593,435,Re-engineered fresh-thinking instruction set,2024-02-26,7:37:42
285,Universal static interface,234,205,Inverse dynamic installation,2024-02-26,12:13:41
286,Enterprise-wide analyzing approach,799,682,Programmable non-volatile policy,2024-02-28,12:45:29
287,Optimized motivating info-mediaries,470,414,Digitized multimedia process improvement,2024-02-28,18:20:31
288,Balanced scalable database,856,625,Streamlined user-facing moderator,2024-02-28,12:39:55
289,Distributed impactful portal,614,42,Enhanced bifurcated task-force,2024-02-26,22:11:11
290,Operative asymmetric matrix,976,930,Self-enabling neutral software,2024-02-28,21:18:57
291,Robust eco-centric complexity,874,777,Expanded full-range encryption,2024-02-27,8:28:00
292,Organized actuating portal,907,413,Sharable web-enabled utilisation,2024-02-27,13:59:52
293,Mandatory dedicated success,806,813,Innovative maximized portal,2024-02-27,9:36:30
294,Profit-focused fresh-thinking workforce,618,796,Enhanced value-added flexibility,2024-02-27,7:08:08
295,Organized bifurcated framework,832,232,Optional dynamic installation,2024-02-26,2:44:52
296,Digitized reciprocal ability,724,968,Focused holistic strategy,2024-02-27,16:19:12
297,Ergonomic multi-state portal,679,294,Versatile 4th generation open architecture,2024-02-27,8:35:17
298,Networked user-facing structure,530,35,Distributed background functionalities,2024-02-28,7:51:13
299,Optimized attitude-oriented groupware,813,3,Synergized 5th generation info-mediaries,2024-02-28,21:48:17
300,Team-oriented user-facing task-force,243,881,Upgradable attitude-oriented capability,2024-02-26,16:55:43
301,Business-focused bifurcated encryption,559,415,Sharable even-keeled flexibility,2024-02-28,8:25:23
302,Automated fault-tolerant challenge,816,253,Adaptive exuding superstructure,2024-02-28,3:50:44
303,Object-based optimal approach,585,372,Streamlined coherent toolset,2024-02-28,21:16:33
304,Advanced hybrid standardization,347,40,Enterprise-wide zero tolerance service-desk,2024-02-27,9:58:04
305,Proactive 3rd generation definition,960,952,Monitored 3rd generation forecast,2024-02-27,17:45:00
306,Integrated responsive support,97,456,Innovative client-server focus group,2024-02-28,11:27:06
307,Quality-focused scalable knowledge user,750,301,User-friendly fresh-thinking collaboration,2024-02-28,5:43:30
308,Synergized system-worthy circuit,584,208,Business-focused asymmetric neural-net,2024-02-26,9:51:28
309,Compatible multi-tasking instruction set,778,762,Multi-channelled foreground process improvement,2024-02-28,20:28:11
310,Distributed human-resource adapter,777,887,Advanced fresh-thinking solution,2024-02-28,17:50:14
311,Secured asynchronous orchestration,659,247,De-engineered 24 hour monitoring,2024-02-26,4:09:23
312,Compatible zero tolerance attitude,934,113,Compatible even-keeled groupware,2024-02-26,14:26:50
313,Optional intermediate Graphical User Interface,665,178,Fully-configurable secondary emulation,2024-02-28,0:51:28
314,Proactive reciprocal website,179,780,Devolved bi-directional middleware,2024-02-26,7:29:52
315,Open-architected executive paradigm,275,512,Decentralized web-enabled success,2024-02-28,8:30:05
316,Right-sized 24 hour installation,167,885,Networked asymmetric middleware,2024-02-26,20:41:08
317,Multi-lateral scalable forecast,542,782,Fully-configurable even-keeled synergy,2024-02-28,20:01:43
318,Ameliorated 3rd generation monitoring,242,584,Cross-group local data-warehouse,2024-02-26,20:27:14
319,Proactive object-oriented methodology,958,600,Synchronised interactive orchestration,2024-02-26,3:44:01
320,Virtual solution-oriented system engine,842,472,Advanced homogeneous firmware,2024-02-28,19:58:37
321,Customizable uniform architecture,10,666,Self-enabling dedicated open system,2024-02-26,10:48:02
322,Inverse 6th generation knowledge user,491,200,Extended tangible approach,2024-02-26,11:39:05
323,Re-contextualized asymmetric complexity,748,820,Proactive radical budgetary management,2024-02-26,1:08:04
324,Seamless regional moratorium,351,612,Persistent user-facing groupware,2024-02-27,13:48:01
325,Diverse intangible archive,89,60,Secured high-level time-frame,2024-02-28,11:06:49
326,Persevering empowering access,793,809,Synergistic logistical knowledge user,2024-02-27,22:11:15
327,Grass-roots transitional model,407,878,Seamless tangible access,2024-02-28,4:38:43
328,Ergonomic secondary knowledge base,408,753,Networked motivating local area network,2024-02-26,9:01:53
329,Cloned next generation customer loyalty,791,987,Centralized web-enabled paradigm,2024-02-27,17:20:01
330,Team-oriented exuding portal,341,204,Focused 6th generation software,2024-02-27,11:42:14
331,Visionary reciprocal function,840,890,Multi-layered hybrid hardware,2024-02-28,3:09:50
332,Fully-configurable holistic encoding,701,549,Horizontal optimizing structure,2024-02-26,10:29:30
333,Universal actuating monitoring,403,661,De-engineered hybrid utilisation,2024-02-28,8:18:56
334,Sharable background open architecture,688,926,Synergized actuating knowledge user,2024-02-27,19:20:25
335,Enhanced composite secured line,553,736,Organized local contingency,2024-02-26,15:59:19
336,Total empowering secured line,803,663,Intuitive eco-centric utilisation,2024-02-26,18:32:47
337,Enhanced web-enabled throughput,237,717,Inverse zero defect array,2024-02-28,13:33:00
338,Exclusive background strategy,249,839,Switchable stable knowledge user,2024-02-28,11:05:39
339,Streamlined contextually-based implementation,53,487,Automated even-keeled array,2024-02-26,16:02:43
340,Persistent global parallelism,493,231,Monitored leading edge neural-net,2024-02-26,7:15:13
341,Diverse national customer loyalty,678,774,Secured real-time encryption,2024-02-26,6:41:12
342,Universal intangible moderator,986,1000,Organic reciprocal budgetary management,2024-02-27,19:02:38
343,Re-engineered global attitude,743,712,Organized value-added protocol,2024-02-27,1:15:42
344,Vision-oriented background success,486,688,Balanced secondary hierarchy,2024-02-26,6:14:25
345,Programmable 24/7 groupware,155,323,Down-sized homogeneous encoding,2024-02-26,9:39:01
346,Compatible homogeneous benchmark,5,379,Visionary high-level local area network,2024-02-26,14:56:13
347,Managed heuristic success,880,26,Assimilated secondary attitude,2024-02-27,16:35:55
348,Automated leading edge service-desk,411,60,Multi-layered system-worthy policy,2024-02-28,0:14:39
349,Realigned cohesive budgetary management,409,26,Down-sized system-worthy open architecture,2024-02-28,2:26:06
350,Multi-tiered reciprocal emulation,850,775,Stand-alone bifurcated open system,2024-02-26,2:41:00
351,Multi-channelled 24 hour interface,641,667,Distributed bifurcated database,2024-02-27,0:48:32
352,Realigned cohesive circuit,366,524,Synergistic heuristic middleware,2024-02-26,10:35:47
353,De-engineered executive instruction set,389,297,Customer-focused demand-driven groupware,2024-02-26,5:01:42
354,Networked foreground archive,501,498,Advanced user-facing benchmark,2024-02-28,10:50:28
355,Inverse hybrid analyzer,168,767,Switchable 5th generation flexibility,2024-02-27,15:18:43
356,Diverse reciprocal matrices,302,426,Digitized tangible leverage,2024-02-27,20:31:24
357,Digitized discrete knowledge user,68,721,Compatible bottom-line local area network,2024-02-26,3:43:24
358,Robust heuristic orchestration,48,796,Front-line 3rd generation flexibility,2024-02-28,7:35:42
359,Profound reciprocal service-desk,560,625,Stand-alone mobile open architecture,2024-02-26,20:14:32
360,Re-engineered mission-critical hub,998,258,Exclusive radical moderator,2024-02-28,16:34:29
361,Persevering optimal flexibility,590,589,Re-contextualized interactive extranet,2024-02-27,22:13:58
362,Expanded non-volatile framework,989,522,Sharable multi-tasking open architecture,2024-02-28,19:16:05
363,Extended 24 hour utilisation,448,514,Reverse-engineered regional secured line,2024-02-27,7:14:46
364,Public-key fresh-thinking time-frame,49,544,Focused actuating framework,2024-02-27,16:35:38
365,Cross-group web-enabled complexity,363,11,De-engineered content-based ability,2024-02-26,9:57:30
366,Versatile encompassing synergy,78,56,Switchable 3rd generation support,2024-02-26,4:56:01
367,Distributed asymmetric policy,696,718,Switchable scalable challenge,2024-02-27,3:15:06
368,Enterprise-wide holistic help-desk,657,63,Multi-layered 6th generation circuit,2024-02-28,3:46:23
369,Ergonomic 24 hour process improvement,548,809,Up-sized zero defect contingency,2024-02-27,5:31:27
370,Cross-platform clear-thinking monitoring,404,866,Front-line bifurcated infrastructure,2024-02-26,3:30:12
371,Compatible secondary implementation,740,744,Streamlined web-enabled archive,2024-02-28,19:26:40
372,Universal executive core,418,979,Triple-buffered maximized Graphical User Interface,2024-02-26,22:34:36
373,Customer-focused 24/7 encryption,498,258,Centralized eco-centric portal,2024-02-28,22:07:13
374,Integrated 24/7 throughput,863,431,Down-sized reciprocal alliance,2024-02-28,3:20:44
375,Public-key coherent utilisation,477,453,Reactive incremental system engine,2024-02-27,18:25:46
376,Reactive attitude-oriented parallelism,356,170,Distributed composite emulation,2024-02-28,12:48:27
377,Ameliorated zero administration approach,676,149,Diverse systemic support,2024-02-26,10:33:26
378,User-friendly user-facing knowledge user,409,503,Open-architected discrete ability,2024-02-28,13:12:29
379,Self-enabling responsive secured line,98,21,Compatible attitude-oriented database,2024-02-28,11:41:51
380,Stand-alone discrete application,739,228,Cross-platform bottom-line help-desk,2024-02-26,10:36:15
381,Re-contextualized reciprocal time-frame,227,223,Reduced static policy,2024-02-28,23:00:59
382,Secured human-resource projection,336,295,Front-line maximized extranet,2024-02-28,20:26:22
383,Balanced interactive archive,15,285,Re-contextualized 4th generation product,2024-02-27,5:00:14
384,Cloned context-sensitive definition,697,594,Progressive bifurcated matrices,2024-02-27,17:13:35
385,Advanced bi-directional encryption,661,471,Ergonomic 24/7 data-warehouse,2024-02-28,9:07:03
386,Reverse-engineered secondary analyzer,778,823,Self-enabling dedicated open system,2024-02-26,17:44:00
387,Fundamental homogeneous initiative,968,916,Compatible asynchronous capacity,2024-02-28,22:53:54
388,Optimized tangible help-desk,891,804,Synergistic 6th generation local area network,2024-02-28,1:27:04
389,Fully-configurable background open architecture,542,635,Cross-group zero defect firmware,2024-02-26,16:29:50
390,Optional bandwidth-monitored support,422,626,Centralized systemic data-warehouse,2024-02-28,22:39:47
391,Networked modular circuit,382,375,Re-contextualized responsive alliance,2024-02-27,18:02:52
392,Ameliorated upward-trending toolset,756,904,Team-oriented incremental installation,2024-02-26,4:35:37
393,Adaptive demand-driven model,662,682,Focused web-enabled alliance,2024-02-28,7:17:49
394,Phased clear-thinking neural-net,176,982,Focused client-driven portal,2024-02-28,19:36:33
395,Realigned exuding infrastructure,300,324,Business-focused mission-critical pricing structure,2024-02-26,6:16:29
396,Progressive national orchestration,608,479,Down-sized upward-trending infrastructure,2024-02-26,16:32:34
397,Assimilated fresh-thinking capability,560,323,Switchable zero administration functionalities,2024-02-28,10:40:27
398,Intuitive dedicated help-desk,876,667,Persevering value-added challenge,2024-02-27,2:54:52
399,Devolved dedicated conglomeration,957,590,Balanced secondary challenge,2024-02-26,16:09:34
400,Multi-channelled fresh-thinking collaboration,487,941,Robust bifurcated focus group,2024-02-27,19:04:12
401,Robust high-level alliance,470,146,Horizontal solution-oriented installation,2024-02-27,3:56:18
402,User-friendly web-enabled time-frame,898,629,Managed national definition,2024-02-27,20:49:13
403,Programmable logistical neural-net,209,570,Decentralized 6th generation encryption,2024-02-27,20:06:45
404,Expanded eco-centric productivity,638,217,Function-based multi-state attitude,2024-02-27,9:36:16
405,Triple-buffered 5th generation interface,669,987,Fundamental reciprocal migration,2024-02-26,2:47:00
406,Public-key leading edge local area network,804,439,Re-contextualized even-keeled open architecture,2024-02-27,2:27:06
407,Distributed impactful secured line,736,827,Enterprise-wide mission-critical capability,2024-02-28,10:16:01
408,User-centric regional architecture,561,159,Mandatory directional Graphic Interface,2024-02-26,19:06:45
409,Pre-emptive content-based emulation,851,426,Distributed local adapter,2024-02-28,11:03:16
410,Profit-focused homogeneous moratorium,909,858,Distributed coherent solution,2024-02-28,21:20:07
411,Mandatory homogeneous methodology,249,769,Customizable systematic methodology,2024-02-26,13:45:55
412,Virtual reciprocal knowledge base,154,431,Programmable impactful Graphic Interface,2024-02-27,3:41:49
413,Optimized 24/7 support,49,236,Extended optimal hardware,2024-02-27,18:15:22
414,Innovative 3rd generation ability,404,216,Right-sized multimedia info-mediaries,2024-02-27,8:56:27
415,Advanced transitional pricing structure,178,438,Configurable multi-state database,2024-02-28,20:45:01
416,User-friendly contextually-based parallelism,398,435,Focused 4th generation array,2024-02-26,14:31:55
417,Multi-tiered exuding encryption,530,841,Quality-focused global instruction set,2024-02-26,8:39:54
418,Quality-focused zero defect array,664,850,Organized responsive matrices,2024-02-27,9:53:50
419,Down-sized value-added interface,393,179,Managed local middleware,2024-02-28,6:14:09
420,Compatible multimedia functionalities,981,196,Decentralized mission-critical framework,2024-02-27,20:15:26
421,Proactive analyzing forecast,511,661,User-friendly 24/7 implementation,2024-02-26,12:40:07
422,Reduced client-driven support,493,363,Balanced empowering contingency,2024-02-26,17:04:27
423,Ergonomic needs-based access,359,882,Enterprise-wide impactful standardization,2024-02-26,13:54:13
424,Public-key heuristic architecture,310,178,Synergistic content-based access,2024-02-28,15:27:27
425,Pre-emptive optimizing emulation,673,191,Open-source asymmetric hierarchy,2024-02-28,11:30:49
426,Upgradable systematic database,251,340,Robust zero tolerance toolset,2024-02-27,15:21:42
427,Triple-buffered zero administration complexity,819,202,Innovative 24 hour framework,2024-02-27,12:38:28
428,Reactive directional database,846,190,Stand-alone grid-enabled productivity,2024-02-27,4:08:27
429,Front-line regional instruction set,936,591,Organic transitional installation,2024-02-28,23:17:35
430,Function-based foreground frame,727,133,Synergized reciprocal service-desk,2024-02-28,15:25:38
431,Automated global hardware,116,431,Future-proofed multimedia infrastructure,2024-02-26,4:54:06
432,User-friendly bifurcated standardization,938,116,Re-engineered full-range paradigm,2024-02-26,15:00:55
433,Extended bottom-line extranet,540,603,Visionary incremental complexity,2024-02-27,15:22:23
434,Mandatory non-volatile knowledge base,438,823,Progressive next generation monitoring,2024-02-26,20:56:53
435,Synergistic next generation utilisation,270,481,Customizable well-modulated challenge,2024-02-28,21:36:59
436,Re-engineered neutral success,976,133,Implemented disintermediate open system,2024-02-28,20:34:59
437,Team-oriented zero defect capability,848,627,User-friendly multimedia circuit,2024-02-26,11:00:41
438,Enterprise-wide non-volatile matrix,230,18,Implemented exuding emulation,2024-02-26,21:36:22
439,Secured needs-based database,655,327,Assimilated 24/7 budgetary management,2024-02-28,12:29:14
440,Networked high-level knowledge user,344,165,Diverse zero tolerance core,2024-02-28,13:36:28
441,Integrated 4th generation attitude,269,351,Up-sized heuristic productivity,2024-02-28,1:03:46
442,Polarised heuristic encoding,216,773,Focused composite Graphic Interface,2024-02-27,7:58:41
443,Fundamental 5th generation knowledge base,311,286,Open-architected cohesive data-warehouse,2024-02-27,19:07:49
444,Streamlined zero administration utilisation,440,161,Balanced full-range portal,2024-02-28,2:00:26
445,Team-oriented heuristic core,990,356,Profit-focused client-driven synergy,2024-02-26,21:53:36
446,Automated empowering hardware,475,975,Multi-channelled empowering protocol,2024-02-28,1:47:31
447,Vision-oriented empowering algorithm,376,716,Seamless bifurcated workforce,2024-02-26,0:05:15
448,Monitored dynamic solution,762,21,Grass-roots exuding strategy,2024-02-27,13:43:37
449,Synchronised zero defect success,818,119,Fundamental national application,2024-02-26,22:15:36
450,Mandatory demand-driven structure,362,961,User-centric bottom-line neural-net,2024-02-27,16:55:52
451,Universal maximized model,634,984,Digitized empowering interface,2024-02-26,9:05:51
452,Reverse-engineered leading edge matrices,764,984,Reduced mobile challenge,2024-02-26,2:22:24
453,Re-contextualized foreground alliance,859,177,Synergized static array,2024-02-26,10:51:57
454,Sharable clear-thinking array,976,661,Self-enabling exuding focus group,2024-02-26,18:34:23
455,Open-source multi-tasking hub,547,179,Sharable needs-based methodology,2024-02-28,21:02:31
456,Adaptive web-enabled ability,579,302,Profit-focused bottom-line instruction set,2024-02-27,8:14:09
457,Universal full-range matrices,984,1,Face to face foreground definition,2024-02-28,19:58:05
458,Progressive zero tolerance success,910,293,Intuitive impactful system engine,2024-02-27,6:22:10
459,Progressive maximized conglomeration,994,258,Ameliorated systemic workforce,2024-02-28,19:22:07
460,Ameliorated web-enabled intranet,836,954,Right-sized methodical knowledge base,2024-02-28,17:55:07
461,Business-focused maximized moderator,887,681,Monitored local firmware,2024-02-28,3:50:27
462,Exclusive high-level product,817,959,Function-based systemic function,2024-02-26,10:50:33
463,Multi-lateral systematic focus group,945,287,Multi-tiered interactive functionalities,2024-02-28,9:07:45
464,Optional uniform customer loyalty,425,83,Diverse hybrid emulation,2024-02-28,10:02:29
465,Object-based motivating throughput,563,862,Cloned executive policy,2024-02-26,5:51:51
466,Extended solution-oriented product,556,774,Organized bandwidth-monitored conglomeration,2024-02-28,7:19:29
467,Adaptive explicit budgetary management,842,898,Right-sized 24/7 firmware,2024-02-28,4:14:30
468,Robust context-sensitive application,641,426,User-centric interactive artificial intelligence,2024-02-28,7:53:14
469,User-friendly modular open architecture,24,666,Reduced multi-tasking solution,2024-02-27,7:55:41
470,Customer-focused asynchronous concept,887,245,De-engineered heuristic superstructure,2024-02-28,11:33:12
471,Proactive coherent archive,111,866,Upgradable bifurcated frame,2024-02-26,1:27:55
472,Self-enabling 24 hour ability,681,468,User-centric 6th generation website,2024-02-28,6:58:43
473,Integrated solution-oriented middleware,688,796,Self-enabling discrete interface,2024-02-27,12:31:53
474,Implemented human-resource archive,753,944,Extended client-driven protocol,2024-02-27,20:30:10
475,Persevering interactive attitude,813,376,Implemented clear-thinking help-desk,2024-02-27,10:06:30
476,Triple-buffered mobile hub,45,547,Synchronised grid-enabled leverage,2024-02-26,0:26:40
477,Stand-alone scalable knowledge base,532,704,Customer-focused bifurcated benchmark,2024-02-27,19:34:28
478,Reverse-engineered analyzing parallelism,902,888,Synchronised non-volatile standardization,2024-02-26,22:33:10
479,Re-engineered 6th generation function,797,738,Decentralized real-time functionalities,2024-02-26,20:43:17
480,Assimilated transitional product,748,428,Team-oriented global throughput,2024-02-28,15:18:21
481,De-engineered directional system engine,83,813,Virtual dynamic paradigm,2024-02-26,11:48:37
482,Re-engineered well-modulated utilisation,716,834,Focused interactive neural-net,2024-02-28,19:30:49
483,Inverse grid-enabled focus group,87,138,User-friendly client-server methodology,2024-02-27,13:38:38
484,Stand-alone 5th generation software,668,66,Exclusive regional frame,2024-02-26,3:49:19
485,Open-architected clear-thinking encryption,13,296,Proactive disintermediate function,2024-02-27,2:12:47
486,Exclusive eco-centric infrastructure,219,1000,Re-contextualized clear-thinking workforce,2024-02-26,7:44:02
487,Face to face discrete matrices,304,138,Profound 24/7 info-mediaries,2024-02-26,10:39:32
488,Cloned 5th generation solution,33,531,Persevering directional benchmark,2024-02-26,21:11:10
489,Optimized analyzing process improvement,745,569,Implemented cohesive collaboration,2024-02-27,20:35:04
490,Operative modular model,886,924,Distributed systemic function,2024-02-27,2:28:05
491,Synergistic mission-critical leverage,704,418,Sharable attitude-oriented productivity,2024-02-26,0:52:06
492,Open-source full-range attitude,239,846,Open-architected uniform middleware,2024-02-27,15:53:37
493,Visionary uniform standardization,47,835,Optional optimal portal,2024-02-26,9:27:12
494,Object-based zero tolerance core,888,614,Realigned tertiary challenge,2024-02-28,14:02:11
495,Monitored contextually-based superstructure,763,760,Managed incremental toolset,2024-02-27,6:38:57
496,Expanded grid-enabled time-frame,16,286,Compatible disintermediate system engine,2024-02-28,9:11:06
497,Cloned directional model,569,664,Multi-tiered mission-critical local area network,2024-02-28,8:43:02
498,Innovative content-based frame,887,631,Multi-lateral coherent leverage,2024-02-26,13:14:24
499,Organized foreground capability,222,833,Cross-platform composite Graphical User Interface,2024-02-27,7:38:07
500,Face to face transitional open system,507,864,Triple-buffered object-oriented capability,2024-02-28,2:17:06
501,Progressive demand-driven model,638,197,Face to face needs-based project,2024-02-28,22:07:05
502,Ameliorated interactive architecture,45,733,Upgradable zero tolerance conglomeration,2024-02-26,15:18:22
503,Persistent foreground application,202,340,Phased dedicated open architecture,2024-02-28,15:46:58
504,Organized bandwidth-monitored portal,408,7,Secured radical moratorium,2024-02-26,15:53:41
505,Phased eco-centric access,260,829,Public-key systematic pricing structure,2024-02-28,18:44:57
506,Diverse homogeneous parallelism,598,15,Cross-platform exuding synergy,2024-02-27,9:41:55
507,Pre-emptive tangible function,353,405,Optional zero tolerance function,2024-02-27,11:24:30
508,Exclusive high-level emulation,848,479,Pre-emptive 6th generation moderator,2024-02-27,6:14:21
509,Customizable 6th generation portal,491,156,Universal actuating architecture,2024-02-26,8:13:35
510,Triple-buffered zero administration benchmark,903,522,Secured zero defect intranet,2024-02-28,5:58:36
511,Business-focused stable encoding,514,736,Virtual multi-tasking artificial intelligence,2024-02-26,2:39:06
512,Up-sized motivating synergy,689,775,Streamlined national protocol,2024-02-27,6:54:15
513,Upgradable logistical secured line,616,292,Triple-buffered explicit approach,2024-02-26,10:18:45
514,Future-proofed intermediate complexity,899,200,Cloned national groupware,2024-02-28,14:15:18
515,Cloned well-modulated hierarchy,885,901,Innovative heuristic extranet,2024-02-28,8:14:16
516,User-centric maximized conglomeration,763,840,Exclusive mission-critical process improvement,2024-02-26,14:37:36
517,De-engineered systematic extranet,768,316,Digitized 6th generation internet solution,2024-02-28,5:00:19
518,Universal dynamic project,653,956,Advanced well-modulated help-desk,2024-02-27,2:11:06
519,Cloned intangible hierarchy,485,725,Up-sized 5th generation task-force,2024-02-27,0:43:26
520,Front-line maximized budgetary management,700,337,Enterprise-wide maximized productivity,2024-02-27,18:24:45
521,Function-based human-resource function,402,505,Integrated interactive support,2024-02-27,16:57:09
522,Synergistic 6th generation leverage,850,113,Synchronised foreground Graphic Interface,2024-02-28,7:56:30
523,Reactive incremental open architecture,154,568,Horizontal exuding capacity,2024-02-27,22:41:53
524,Versatile high-level policy,264,633,Optimized radical budgetary management,2024-02-27,21:35:26
525,Switchable discrete budgetary management,809,680,Cloned zero tolerance archive,2024-02-26,21:26:49
526,Function-based asynchronous challenge,487,105,Quality-focused needs-based instruction set,2024-02-26,10:40:22
527,Extended multimedia paradigm,398,821,Future-proofed neutral circuit,2024-02-27,3:42:39
528,Organic global hierarchy,762,146,Customer-focused grid-enabled service-desk,2024-02-27,23:40:17
529,Intuitive well-modulated groupware,941,603,Proactive human-resource moratorium,2024-02-26,2:20:22
530,Pre-emptive local extranet,732,130,Re-engineered fault-tolerant encoding,2024-02-26,11:03:28
531,Upgradable secondary architecture,495,661,Advanced radical process improvement,2024-02-26,20:01:36
532,Robust responsive product,503,520,Organic optimizing Graphical User Interface,2024-02-26,15:48:19
533,Organic incremental definition,913,778,Fully-configurable high-level benchmark,2024-02-26,12:58:07
534,Team-oriented well-modulated process improvement,515,460,Proactive zero defect intranet,2024-02-26,18:46:25
535,Managed national data-warehouse,115,312,Polarised value-added internet solution,2024-02-26,4:24:18
536,Ameliorated static product,39,515,Public-key leading edge protocol,2024-02-28,6:13:00
537,Total attitude-oriented ability,30,455,Managed eco-centric software,2024-02-26,18:01:37
538,Virtual methodical task-force,359,550,Upgradable tangible budgetary management,2024-02-27,22:58:37
539,Organic global info-mediaries,898,229,Switchable bottom-line analyzer,2024-02-26,4:13:10
540,Self-enabling incremental secured line,341,760,Adaptive needs-based extranet,2024-02-27,15:23:12
541,Exclusive multi-tasking database,77,581,Virtual solution-oriented projection,2024-02-28,15:26:52
542,Grass-roots neutral paradigm,409,114,Realigned coherent knowledge user,2024-02-28,17:30:41
543,Reduced motivating emulation,925,458,Mandatory secondary portal,2024-02-26,17:09:11
544,Cross-platform 3rd generation definition,99,925,Cloned contextually-based groupware,2024-02-28,6:48:17
545,Organic leading edge contingency,788,751,Adaptive object-oriented matrix,2024-02-26,7:08:07
546,Quality-focused fresh-thinking support,939,621,Organic neutral pricing structure,2024-02-27,20:26:48
547,Reverse-engineered bi-directional focus group,934,407,Pre-emptive non-volatile implementation,2024-02-26,4:10:06
548,Customizable tangible alliance,460,949,Centralized responsive functionalities,2024-02-28,10:12:45
549,Seamless solution-oriented function,512,452,Diverse national moderator,2024-02-27,17:18:09
550,Secured composite model,404,701,Future-proofed empowering moderator,2024-02-28,20:39:43
551,Multi-channelled even-keeled secured line,1000,377,Centralized optimizing monitoring,2024-02-28,8:51:33
552,Monitored clear-thinking system engine,347,794,Sharable bandwidth-monitored contingency,2024-02-26,14:24:59
553,Digitized system-worthy core,133,306,Face to face incremental encryption,2024-02-27,4:54:41
554,Progressive high-level conglomeration,664,702,Centralized 6th generation policy,2024-02-26,21:52:14
555,Front-line fresh-thinking interface,438,848,Customer-focused discrete open system,2024-02-27,11:27:52
556,Automated directional process improvement,722,273,Switchable maximized website,2024-02-28,11:18:18
557,Ergonomic human-resource capability,518,848,Object-based full-range application,2024-02-28,0:08:07
558,Mandatory attitude-oriented parallelism,155,245,Multi-tiered transitional hub,2024-02-27,15:06:58
559,Face to face homogeneous array,296,1000,Balanced foreground extranet,2024-02-28,23:45:40
560,Enterprise-wide hybrid standardization,130,510,Synergistic web-enabled neural-net,2024-02-27,9:18:29
561,Fundamental local frame,109,720,Persevering background attitude,2024-02-26,13:09:00
562,Cloned multimedia project,100,957,Open-source dedicated definition,2024-02-27,13:24:47
563,Managed static access,79,144,Implemented 5th generation benchmark,2024-02-28,22:46:23
564,Quality-focused methodical help-desk,864,977,Synergistic interactive orchestration,2024-02-26,1:14:57
565,Object-based zero defect pricing structure,156,728,Intuitive bandwidth-monitored synergy,2024-02-27,13:20:33
566,Proactive local Graphical User Interface,881,842,Integrated mobile framework,2024-02-26,23:27:26
567,Intuitive high-level data-warehouse,853,874,Customer-focused discrete Graphical User Interface,2024-02-26,13:42:33
568,Cross-platform needs-based policy,416,13,Multi-tiered heuristic synergy,2024-02-26,6:34:36
569,Digitized directional groupware,424,144,Pre-emptive systematic workforce,2024-02-26,5:36:44
570,Phased next generation help-desk,916,755,Fully-configurable didactic task-force,2024-02-26,18:15:01
571,Balanced intermediate capability,882,133,Cross-platform well-modulated model,2024-02-27,5:26:45
572,Centralized secondary concept,191,28,Realigned client-server matrix,2024-02-26,10:47:22
573,Open-architected disintermediate task-force,361,800,Multi-tiered attitude-oriented firmware,2024-02-28,9:24:16
574,Mandatory holistic initiative,468,166,Synergistic maximized installation,2024-02-28,5:41:58
575,Object-based asynchronous capability,259,659,Switchable 5th generation intranet,2024-02-28,19:32:58
576,Down-sized executive challenge,907,139,De-engineered 24/7 intranet,2024-02-26,13:56:24
577,Cross-group holistic challenge,373,516,Customer-focused neutral pricing structure,2024-02-28,5:19:48
578,Progressive secondary moratorium,752,218,Realigned 3rd generation system engine,2024-02-26,19:27:29
579,Stand-alone client-server policy,225,422,Intuitive next generation monitoring,2024-02-26,10:02:04
580,Progressive fault-tolerant hub,646,16,Inverse discrete website,2024-02-27,0:35:33
581,Self-enabling 5th generation capability,901,901,De-engineered discrete extranet,2024-02-27,2:31:41
582,Quality-focused encompassing benchmark,753,795,Streamlined disintermediate software,2024-02-28,20:08:40
583,Integrated systematic success,536,424,Business-focused leading edge task-force,2024-02-27,9:48:04
584,Focused composite database,85,159,Pre-emptive contextually-based migration,2024-02-27,13:58:11
585,Right-sized 24 hour monitoring,815,334,Adaptive discrete encoding,2024-02-26,19:37:06
586,Secured 24 hour success,554,664,Vision-oriented client-server throughput,2024-02-28,3:47:22
587,Implemented explicit paradigm,694,404,Compatible motivating neural-net,2024-02-27,9:37:51
588,Horizontal national utilisation,717,429,Realigned interactive support,2024-02-27,18:33:04
589,Exclusive dynamic internet solution,881,285,Customizable multi-state benchmark,2024-02-27,10:47:20
590,Total intangible moderator,215,844,Multi-tiered maximized attitude,2024-02-28,2:29:46
591,Compatible web-enabled encryption,678,140,Digitized client-server knowledge base,2024-02-28,18:56:40
592,Extended 6th generation product,695,784,Configurable context-sensitive throughput,2024-02-26,20:28:01
593,Customizable didactic architecture,707,533,Upgradable national capability,2024-02-26,3:00:49
594,Customizable 3rd generation solution,14,549,Synergized hybrid open system,2024-02-28,6:13:26
595,Innovative 3rd generation methodology,311,882,User-centric user-facing strategy,2024-02-27,2:27:20
596,Stand-alone zero administration hierarchy,25,682,Object-based scalable forecast,2024-02-28,12:56:10
597,Persevering empowering hierarchy,467,172,Triple-buffered coherent methodology,2024-02-27,21:14:43
598,Multi-tiered even-keeled orchestration,915,81,Front-line homogeneous open architecture,2024-02-26,1:34:20
599,Balanced foreground help-desk,44,546,Distributed zero tolerance synergy,2024-02-26,3:08:01
600,Versatile static capability,635,759,Polarised optimal ability,2024-02-27,17:57:04
601,Profit-focused logistical project,673,289,Devolved maximized capability,2024-02-28,9:13:18
602,Grass-roots real-time pricing structure,679,785,Switchable 24/7 application,2024-02-27,9:51:29
603,Business-focused cohesive utilisation,700,783,Advanced contextually-based encryption,2024-02-28,18:07:32
604,Up-sized client-server frame,365,793,Assimilated local collaboration,2024-02-28,6:07:00
605,Reduced needs-based info-mediaries,951,611,Proactive demand-driven alliance,2024-02-26,3:57:12
606,Realigned background help-desk,462,619,Assimilated analyzing contingency,2024-02-28,13:58:17
607,Cross-group system-worthy forecast,574,507,Multi-layered systemic function,2024-02-28,8:03:28
608,Exclusive dynamic hardware,608,852,Cross-platform hybrid archive,2024-02-28,3:13:41
609,Operative 6th generation initiative,1000,690,Streamlined multi-tasking definition,2024-02-26,3:14:52
610,Assimilated contextually-based firmware,632,762,User-centric heuristic middleware,2024-02-28,13:33:05
611,Secured directional synergy,198,354,Centralized client-driven flexibility,2024-02-26,0:47:42
612,Visionary discrete hierarchy,339,406,Sharable neutral synergy,2024-02-27,23:41:11
613,Object-based homogeneous adapter,428,261,Optional tangible interface,2024-02-26,13:52:07
614,Seamless non-volatile toolset,300,601,Expanded reciprocal capacity,2024-02-27,10:33:37
615,Function-based 24/7 projection,218,532,Open-source asymmetric process improvement,2024-02-27,12:36:57
616,Profound eco-centric throughput,639,195,Grass-roots asymmetric pricing structure,2024-02-26,14:16:23
617,Monitored holistic protocol,846,746,Synergized foreground structure,2024-02-26,12:01:40
618,Phased motivating adapter,601,12,Optimized directional solution,2024-02-26,18:41:54
619,Compatible encompassing contingency,248,6,Vision-oriented grid-enabled knowledge base,2024-02-26,2:01:03
620,Customer-focused intermediate initiative,2,540,Object-based bi-directional framework,2024-02-28,10:03:02
621,Quality-focused tertiary structure,690,140,Adaptive leading edge success,2024-02-27,11:48:50
622,Open-source maximized neural-net,206,161,Reactive fresh-thinking strategy,2024-02-28,13:41:39
623,Progressive mission-critical frame,84,82,Mandatory methodical infrastructure,2024-02-27,4:40:26
624,Team-oriented coherent benchmark,833,590,Polarised system-worthy internet solution,2024-02-27,1:04:53
625,Customizable motivating moderator,883,981,Fundamental bi-directional knowledge user,2024-02-27,7:37:27
626,Cross-platform static service-desk,73,213,Exclusive uniform circuit,2024-02-26,16:34:11
627,Open-source 3rd generation definition,852,492,Team-oriented regional encoding,2024-02-27,17:36:50
628,Sharable radical firmware,970,117,Stand-alone even-keeled firmware,2024-02-28,21:36:49
629,User-centric background artificial intelligence,881,670,Vision-oriented intermediate access,2024-02-28,12:46:43
630,Triple-buffered 24/7 structure,719,643,Customer-focused coherent product,2024-02-26,0:24:36
631,Public-key uniform superstructure,443,392,Operative maximized extranet,2024-02-27,20:07:11
632,Integrated optimizing data-warehouse,848,970,Extended leading edge middleware,2024-02-28,20:43:59
633,Secured disintermediate software,8,847,Seamless intermediate emulation,2024-02-27,6:26:02
634,Public-key eco-centric protocol,467,927,Integrated 5th generation moderator,2024-02-28,7:56:50
635,User-centric logistical time-frame,471,443,Future-proofed clear-thinking hardware,2024-02-27,9:33:37
636,Streamlined directional analyzer,483,477,Right-sized interactive pricing structure,2024-02-28,15:26:45
637,Right-sized empowering methodology,92,988,Exclusive systemic portal,2024-02-28,15:25:05
638,Re-contextualized high-level framework,846,551,Devolved clear-thinking task-force,2024-02-26,6:41:03
639,Quality-focused full-range methodology,688,339,Vision-oriented system-worthy intranet,2024-02-28,14:59:20
640,Multi-lateral stable secured line,102,545,Multi-layered transitional data-warehouse,2024-02-26,23:54:58
641,Cross-platform cohesive emulation,558,252,Programmable discrete hub,2024-02-27,13:58:02
642,Multi-channelled 24 hour application,862,418,Distributed incremental frame,2024-02-28,13:50:56
643,Compatible stable challenge,905,675,De-engineered optimizing moratorium,2024-02-27,23:28:16
644,Compatible zero defect moratorium,996,648,Cross-group dynamic Graphical User Interface,2024-02-26,1:02:06
645,Seamless optimizing structure,612,769,Visionary bi-directional productivity,2024-02-26,3:34:03
646,Optional multimedia hardware,699,424,Ergonomic neutral budgetary management,2024-02-27,14:14:42
647,Organized user-facing system engine,834,895,Extended methodical core,2024-02-28,19:17:00
648,Configurable dedicated utilisation,136,271,Horizontal didactic algorithm,2024-02-26,14:26:10
649,Integrated zero administration structure,383,302,Inverse reciprocal neural-net,2024-02-28,18:46:58
650,Integrated incremental application,468,256,Multi-lateral scalable algorithm,2024-02-27,4:10:41
651,Multi-layered multi-tasking software,487,438,Intuitive mission-critical structure,2024-02-28,6:43:19
652,Business-focused motivating knowledge user,4,42,Integrated zero administration migration,2024-02-27,7:18:01
653,Persistent incremental secured line,826,49,Customer-focused systemic help-desk,2024-02-27,12:39:16
654,Stand-alone upward-trending database,160,951,Open-source neutral extranet,2024-02-26,0:39:39
655,Centralized full-range interface,782,567,Front-line demand-driven workforce,2024-02-27,1:31:43
656,Enterprise-wide 24 hour interface,41,434,Customizable stable secured line,2024-02-27,17:31:09
657,Persevering dynamic emulation,123,153,Team-oriented transitional migration,2024-02-27,21:09:07
658,Phased next generation open architecture,613,962,Assimilated maximized benchmark,2024-02-27,9:28:47
659,Multi-tiered bi-directional conglomeration,869,897,Assimilated heuristic intranet,2024-02-28,0:43:25
660,Diverse tangible success,884,911,Optimized background application,2024-02-26,4:53:43
661,Enhanced homogeneous migration,52,870,Integrated 3rd generation flexibility,2024-02-26,5:39:51
662,Managed high-level core,599,2,Universal non-volatile secured line,2024-02-26,18:44:22
663,Profound mission-critical conglomeration,826,752,Focused heuristic productivity,2024-02-27,18:38:01
664,Multi-lateral 24/7 knowledge base,55,317,Devolved mobile time-frame,2024-02-26,2:16:57
665,Configurable human-resource portal,201,882,Ameliorated upward-trending structure,2024-02-26,4:01:45
666,Balanced full-range productivity,452,749,Enhanced incremental migration,2024-02-27,3:37:53
667,Synergistic disintermediate architecture,568,232,Proactive intermediate flexibility,2024-02-28,5:18:39
668,Future-proofed optimizing circuit,817,716,Secured upward-trending firmware,2024-02-28,4:15:34
669,Cross-group multi-state instruction set,13,862,Diverse high-level intranet,2024-02-27,11:26:19
670,Automated 24 hour software,492,555,Organic background instruction set,2024-02-27,10:52:41
671,Triple-buffered mission-critical toolset,348,960,Persistent zero administration hub,2024-02-26,23:12:11
672,Right-sized exuding archive,459,914,Reduced bi-directional contingency,2024-02-26,10:20:09
673,Stand-alone optimal flexibility,690,492,Ergonomic upward-trending alliance,2024-02-26,17:28:07
674,Pre-emptive content-based website,950,663,De-engineered high-level knowledge base,2024-02-28,16:03:39
675,Persistent intermediate ability,536,182,Optional human-resource project,2024-02-27,12:31:51
676,Profound well-modulated circuit,394,970,Fully-configurable background paradigm,2024-02-28,13:29:07
677,Decentralized intangible challenge,234,79,Enhanced global product,2024-02-28,8:23:41
678,Public-key secondary internet solution,647,369,Reduced national architecture,2024-02-27,18:47:00
679,Organic methodical Graphic Interface,23,401,Robust bottom-line productivity,2024-02-28,22:14:28
680,Managed discrete intranet,349,192,Exclusive incremental artificial intelligence,2024-02-26,5:43:05
681,Advanced secondary toolset,835,430,Monitored encompassing product,2024-02-26,14:08:14
682,Multi-lateral multimedia knowledge base,217,537,Secured incremental interface,2024-02-26,15:52:40
683,Public-key asymmetric capacity,491,432,Visionary dedicated installation,2024-02-27,21:02:31
684,Multi-lateral high-level capacity,654,612,Synchronised non-volatile functionalities,2024-02-26,0:31:09
685,Fundamental actuating orchestration,897,304,Reactive maximized hardware,2024-02-27,8:03:31
686,Expanded motivating help-desk,934,493,Operative holistic emulation,2024-02-27,3:58:11
687,Total non-volatile analyzer,350,359,Cross-platform contextually-based core,2024-02-28,4:24:08
688,Cross-group bottom-line contingency,239,52,Managed asymmetric orchestration,2024-02-28,4:45:08
689,Ameliorated web-enabled migration,940,355,Polarised secondary hierarchy,2024-02-28,16:22:34
690,Up-sized fault-tolerant synergy,37,567,Extended didactic frame,2024-02-28,10:29:01
691,Reduced incremental architecture,413,157,Progressive 24 hour concept,2024-02-26,17:33:05
692,Decentralized clear-thinking analyzer,643,290,Reactive coherent encoding,2024-02-27,9:47:05
693,Triple-buffered 24/7 algorithm,721,292,Integrated zero defect paradigm,2024-02-27,21:28:32
694,Managed reciprocal ability,523,990,Cross-platform interactive core,2024-02-28,5:07:55
695,Distributed reciprocal approach,573,83,Switchable dedicated archive,2024-02-28,23:37:39
696,User-friendly global customer loyalty,223,148,Synchronised reciprocal attitude,2024-02-28,19:01:59
697,Object-based 24/7 middleware,253,870,Focused mission-critical hardware,2024-02-26,3:26:04
698,Synergized static neural-net,538,68,De-engineered motivating standardization,2024-02-27,4:48:28
699,Self-enabling zero defect matrices,218,505,Integrated 6th generation capability,2024-02-27,9:31:44
700,Multi-layered motivating superstructure,878,279,Enhanced asymmetric data-warehouse,2024-02-26,18:52:24
701,Re-engineered bifurcated Graphical User Interface,948,706,Reverse-engineered local product,2024-02-26,16:15:20
702,Configurable static collaboration,810,361,Networked impactful superstructure,2024-02-28,15:52:56
703,Function-based impactful moderator,491,104,Reverse-engineered regional intranet,2024-02-27,15:22:28
704,De-engineered composite secured line,988,604,Horizontal radical function,2024-02-27,1:57:11
705,Public-key context-sensitive protocol,184,812,Triple-buffered explicit website,2024-02-26,6:26:04
706,Vision-oriented responsive success,842,756,Cloned even-keeled policy,2024-02-28,10:46:15
707,Cloned scalable help-desk,982,385,Horizontal heuristic service-desk,2024-02-28,3:34:43
708,Persistent systematic contingency,158,153,Progressive multi-tasking synergy,2024-02-27,12:41:03
709,Optimized web-enabled policy,794,241,Profit-focused high-level array,2024-02-27,22:57:52
710,Versatile systemic database,921,906,Public-key incremental functionalities,2024-02-26,8:44:07
711,Self-enabling encompassing open system,484,931,Self-enabling zero tolerance interface,2024-02-27,7:10:49
712,Persevering didactic functionalities,767,280,Mandatory local instruction set,2024-02-28,2:30:10
713,Visionary zero defect challenge,958,593,Vision-oriented demand-driven software,2024-02-26,14:09:31
714,Digitized real-time extranet,419,568,Intuitive solution-oriented approach,2024-02-27,18:26:40
715,Vision-oriented mission-critical knowledge user,831,152,Synchronised well-modulated project,2024-02-28,16:26:29
716,Focused local hub,560,773,Upgradable analyzing hierarchy,2024-02-26,7:22:49
717,User-centric bandwidth-monitored firmware,301,123,Networked explicit challenge,2024-02-26,4:39:47
718,Multi-layered foreground contingency,854,744,Upgradable dynamic migration,2024-02-27,12:49:50
719,Multi-layered scalable hierarchy,674,987,Decentralized secondary internet solution,2024-02-27,7:34:25
720,Adaptive value-added synergy,902,577,Re-engineered high-level hardware,2024-02-26,8:15:40
721,Exclusive intangible implementation,498,545,Intuitive bi-directional challenge,2024-02-26,9:09:53
722,Ameliorated content-based encryption,385,697,Upgradable optimizing challenge,2024-02-26,9:15:50
723,Business-focused stable support,493,722,Grass-roots leading edge benchmark,2024-02-28,0:34:46
724,Proactive systematic database,313,708,Sharable holistic alliance,2024-02-28,12:00:47
725,Assimilated tangible ability,240,769,Seamless scalable conglomeration,2024-02-27,20:56:03
726,Universal bifurcated knowledge user,667,423,Switchable needs-based knowledge user,2024-02-28,6:01:17
727,Optimized bi-directional knowledge base,34,958,Secured 6th generation paradigm,2024-02-28,1:37:14
728,Pre-emptive bifurcated project,786,214,Phased intangible encryption,2024-02-26,7:55:37
729,Profit-focused dedicated algorithm,318,737,Upgradable directional success,2024-02-26,17:02:39
730,Right-sized actuating functionalities,276,976,Multi-layered homogeneous intranet,2024-02-26,4:04:41
731,Right-sized asymmetric collaboration,482,963,Right-sized directional help-desk,2024-02-26,8:48:21
732,Focused optimal circuit,926,346,Fully-configurable context-sensitive toolset,2024-02-27,3:27:19
733,Switchable 24 hour knowledge base,330,462,Enterprise-wide logistical help-desk,2024-02-26,11:02:35
734,Business-focused directional migration,597,454,Up-sized demand-driven monitoring,2024-02-26,21:36:20
735,Balanced empowering extranet,341,155,Quality-focused systematic circuit,2024-02-27,8:40:14
736,Integrated needs-based encryption,470,31,Cross-group local conglomeration,2024-02-28,7:25:37
737,Synergized fresh-thinking moderator,656,692,Stand-alone global implementation,2024-02-27,16:34:45
738,Business-focused homogeneous secured line,99,613,Re-engineered reciprocal conglomeration,2024-02-28,4:07:23
739,Progressive multi-tasking focus group,802,728,Team-oriented motivating analyzer,2024-02-26,17:26:54
740,Synergized contextually-based paradigm,5,36,Operative neutral access,2024-02-26,7:40:16
741,Enterprise-wide asymmetric middleware,932,755,De-engineered analyzing challenge,2024-02-26,9:39:06
742,Realigned actuating secured line,439,406,Public-key explicit artificial intelligence,2024-02-28,16:13:19
743,Universal systemic process improvement,747,664,Multi-layered leading edge orchestration,2024-02-27,5:13:22
744,De-engineered next generation success,635,731,Front-line non-volatile algorithm,2024-02-26,3:46:54
745,Implemented fault-tolerant pricing structure,584,49,Reduced national framework,2024-02-27,17:33:33
746,Open-architected user-facing intranet,803,395,Digitized neutral structure,2024-02-28,2:23:31
747,Optimized directional initiative,256,682,Ergonomic mobile structure,2024-02-26,16:17:24
748,Team-oriented mission-critical emulation,620,111,Innovative neutral internet solution,2024-02-28,16:10:20
749,Devolved non-volatile interface,696,472,Switchable web-enabled process improvement,2024-02-27,14:43:49
750,Ergonomic exuding success,255,678,Fundamental value-added protocol,2024-02-27,21:13:19
751,Programmable background system engine,485,985,Intuitive analyzing extranet,2024-02-28,21:48:58
752,Down-sized systemic alliance,494,159,Configurable fault-tolerant core,2024-02-27,11:06:23
753,Open-architected asynchronous intranet,978,862,Adaptive human-resource knowledge base,2024-02-28,19:23:53
754,Optional bandwidth-monitored attitude,4,558,Programmable global pricing structure,2024-02-26,6:19:09
755,Open-source grid-enabled help-desk,702,127,Implemented intangible archive,2024-02-28,15:38:47
756,Public-key national task-force,711,941,Up-sized mission-critical software,2024-02-26,20:31:17
757,Digitized content-based product,918,752,Self-enabling uniform matrix,2024-02-26,20:05:15
758,Programmable demand-driven parallelism,566,819,Front-line user-facing workforce,2024-02-27,5:19:08
759,Expanded zero administration conglomeration,581,253,Stand-alone intermediate parallelism,2024-02-27,5:34:46
760,Cloned uniform leverage,805,379,Synchronised next generation budgetary management,2024-02-27,14:04:28
761,Fully-configurable holistic matrix,303,174,Team-oriented fresh-thinking alliance,2024-02-26,1:45:17
762,Configurable regional portal,138,50,Fully-configurable impactful array,2024-02-28,20:35:04
763,Mandatory bifurcated approach,333,170,Virtual empowering standardization,2024-02-26,20:28:53
764,Phased coherent hierarchy,351,487,Switchable asynchronous policy,2024-02-26,4:00:28
765,Multi-lateral multimedia moratorium,759,871,Compatible encompassing firmware,2024-02-27,9:29:43
766,Up-sized static array,179,693,Compatible client-driven initiative,2024-02-26,23:08:47
767,Multi-layered client-driven service-desk,92,361,Operative heuristic artificial intelligence,2024-02-26,3:25:55
768,Proactive fault-tolerant contingency,679,450,Pre-emptive methodical productivity,2024-02-26,23:33:23
769,Automated directional methodology,662,631,Reactive full-range ability,2024-02-28,16:47:58
770,Robust scalable array,189,695,Team-oriented 3rd generation definition,2024-02-28,20:25:04
771,Optional homogeneous database,260,35,Versatile directional parallelism,2024-02-26,23:00:26
772,Managed coherent info-mediaries,706,55,Proactive upward-trending standardization,2024-02-26,21:42:20
773,Face to face discrete monitoring,258,314,Reactive needs-based approach,2024-02-28,8:16:23
774,Switchable grid-enabled neural-net,753,139,Synergistic high-level customer loyalty,2024-02-28,17:06:03
775,Multi-tiered multi-state help-desk,422,323,Virtual bi-directional capacity,2024-02-26,13:54:33
776,Pre-emptive real-time help-desk,525,805,Integrated intermediate customer loyalty,2024-02-27,12:15:24
777,Sharable uniform standardization,331,51,Robust exuding policy,2024-02-27,19:31:01
778,Synchronised high-level website,607,583,De-engineered optimal hierarchy,2024-02-28,2:41:52
779,Intuitive optimizing knowledge user,365,684,Re-contextualized motivating initiative,2024-02-28,5:16:36
780,Extended next generation protocol,609,796,Multi-channelled exuding neural-net,2024-02-27,6:57:30
781,Upgradable reciprocal process improvement,798,720,Re-contextualized grid-enabled ability,2024-02-26,23:43:49
782,Re-engineered value-added time-frame,515,206,Managed modular Graphical User Interface,2024-02-26,21:34:23
783,Ergonomic asymmetric database,361,52,Balanced composite moratorium,2024-02-26,14:23:09
784,Streamlined encompassing installation,249,370,Exclusive didactic local area network,2024-02-26,10:22:48
785,Self-enabling fresh-thinking complexity,568,415,Streamlined scalable knowledge user,2024-02-26,10:59:28
786,Customizable exuding implementation,975,377,Cloned scalable middleware,2024-02-26,8:43:54
787,Horizontal bifurcated application,95,669,Quality-focused optimal capacity,2024-02-28,10:43:48
788,Self-enabling upward-trending application,891,787,Reduced composite structure,2024-02-27,20:10:19
789,Reactive transitional benchmark,704,162,Synergistic maximized installation,2024-02-26,18:07:47
790,Open-source maximized encoding,266,220,Stand-alone systematic analyzer,2024-02-28,15:17:29
791,Secured upward-trending challenge,964,53,Visionary mobile circuit,2024-02-27,17:59:31
792,Right-sized actuating groupware,325,992,Operative well-modulated Graphic Interface,2024-02-26,10:24:46
793,Down-sized directional paradigm,780,757,Visionary didactic neural-net,2024-02-28,6:49:39
794,Managed bandwidth-monitored hardware,986,409,Reactive needs-based installation,2024-02-28,0:11:51
795,Realigned disintermediate Graphic Interface,982,407,Optimized context-sensitive collaboration,2024-02-28,2:29:30
796,Programmable grid-enabled conglomeration,25,178,Intuitive coherent attitude,2024-02-26,3:18:32
797,Devolved responsive internet solution,121,474,Configurable explicit knowledge user,2024-02-28,0:01:16
798,Automated multi-state website,723,787,Universal cohesive model,2024-02-27,20:28:43
799,Persistent optimal moderator,31,118,Cross-group exuding leverage,2024-02-26,2:11:29
800,Multi-lateral contextually-based groupware,182,379,Persevering holistic methodology,2024-02-27,10:30:26
801,Innovative upward-trending software,350,915,Up-sized heuristic matrix,2024-02-26,6:10:01
802,Profound neutral alliance,922,36,Phased discrete adapter,2024-02-27,22:02:30
803,Devolved 4th generation conglomeration,164,978,Cross-group dynamic initiative,2024-02-26,20:22:04
804,Polarised multi-tasking customer loyalty,965,958,Integrated multi-state capacity,2024-02-28,6:26:14
805,Versatile modular model,122,82,Polarised reciprocal capability,2024-02-26,21:09:26
806,Distributed next generation firmware,68,637,Right-sized uniform capability,2024-02-28,2:06:18
807,Business-focused 3rd generation emulation,557,508,Innovative zero tolerance encoding,2024-02-27,20:09:17
808,Fundamental bifurcated interface,59,260,Centralized zero defect strategy,2024-02-26,13:06:02
809,Assimilated even-keeled attitude,309,402,Balanced grid-enabled groupware,2024-02-28,22:29:50
810,Extended bi-directional throughput,735,184,Open-architected web-enabled infrastructure,2024-02-28,16:14:53
811,Multi-tiered 24 hour leverage,484,509,Diverse 24 hour leverage,2024-02-26,12:44:02
812,Team-oriented global model,344,211,Compatible analyzing conglomeration,2024-02-28,5:45:46
813,Multi-lateral zero tolerance installation,224,384,Multi-layered discrete open architecture,2024-02-26,8:14:16
814,Multi-channelled scalable alliance,653,206,Profit-focused foreground standardization,2024-02-26,16:44:21
815,Reverse-engineered web-enabled knowledge user,192,480,Reactive executive service-desk,2024-02-26,7:39:51
816,Networked fault-tolerant throughput,644,387,Decentralized contextually-based moderator,2024-02-27,15:41:29
817,Intuitive bandwidth-monitored artificial intelligence,517,378,Face to face scalable frame,2024-02-27,14:29:03
818,Profound empowering customer loyalty,334,747,Open-architected clear-thinking superstructure,2024-02-28,12:06:00
819,Persistent logistical implementation,364,529,Operative cohesive success,2024-02-26,21:07:07
820,Cross-platform optimizing model,209,925,Customizable multi-state pricing structure,2024-02-28,16:55:54
821,Universal impactful open system,139,439,Down-sized zero tolerance solution,2024-02-27,6:23:35
822,Enterprise-wide maximized circuit,643,963,Synergized user-facing benchmark,2024-02-28,4:43:51
823,Public-key bottom-line capacity,823,56,Enterprise-wide radical functionalities,2024-02-28,0:24:44
824,Digitized context-sensitive local area network,737,284,Versatile hybrid hierarchy,2024-02-27,20:23:28
825,Mandatory empowering standardization,340,287,Inverse intermediate instruction set,2024-02-26,18:27:52
826,Phased high-level model,705,715,Switchable encompassing standardization,2024-02-27,2:35:35
827,Quality-focused eco-centric interface,764,875,Vision-oriented systematic toolset,2024-02-26,14:17:03
828,Function-based dynamic hardware,866,743,Re-engineered multi-tasking structure,2024-02-28,22:39:51
829,Extended leading edge local area network,602,17,Persevering didactic policy,2024-02-27,7:56:13
830,Multi-lateral optimal frame,393,143,Horizontal systematic portal,2024-02-26,21:11:01
831,Team-oriented national core,316,331,Ergonomic non-volatile policy,2024-02-26,13:46:15
832,Distributed dedicated policy,676,996,Object-based bifurcated algorithm,2024-02-26,3:56:32
833,Ergonomic heuristic paradigm,799,59,Profound responsive frame,2024-02-27,5:50:44
834,Programmable transitional intranet,721,400,Horizontal heuristic frame,2024-02-27,8:19:55
835,Programmable heuristic function,188,201,Pre-emptive 24 hour Graphical User Interface,2024-02-28,17:37:38
836,Face to face 24/7 hub,795,944,Focused neutral focus group,2024-02-28,19:59:00
837,Centralized background website,783,280,Phased homogeneous task-force,2024-02-28,9:50:17
838,Front-line maximized encryption,672,567,Front-line hybrid challenge,2024-02-26,4:05:20
839,Managed 6th generation initiative,794,921,Self-enabling maximized database,2024-02-26,21:19:48
840,Decentralized homogeneous parallelism,51,303,Integrated context-sensitive complexity,2024-02-26,8:24:26
841,Expanded systematic internet solution,466,635,Synchronised responsive matrices,2024-02-27,4:02:33
842,Future-proofed 24 hour workforce,861,649,Multi-layered intermediate support,2024-02-27,3:45:31
843,Balanced uniform hierarchy,514,780,Realigned transitional monitoring,2024-02-27,11:54:19
844,Front-line static Graphical User Interface,956,808,Ameliorated homogeneous utilisation,2024-02-26,12:15:49
845,Balanced grid-enabled core,82,185,Down-sized well-modulated data-warehouse,2024-02-28,15:52:18
846,Ameliorated zero defect installation,63,61,Visionary eco-centric circuit,2024-02-26,4:50:33
847,Ameliorated secondary local area network,890,973,Cloned well-modulated customer loyalty,2024-02-27,13:46:42
848,Multi-tiered holistic alliance,147,893,Proactive 3rd generation website,2024-02-26,15:23:10
849,Fully-configurable multimedia infrastructure,498,874,Quality-focused user-facing internet solution,2024-02-27,4:24:34
850,Front-line dynamic neural-net,383,481,Up-sized 5th generation core,2024-02-28,2:36:34
851,Function-based zero administration flexibility,554,287,Self-enabling responsive moderator,2024-02-28,16:01:59
852,Realigned discrete orchestration,43,268,Profound leading edge policy,2024-02-28,22:42:25
853,Team-oriented multi-state software,111,295,Re-engineered mission-critical protocol,2024-02-26,10:00:04
854,Optional 3rd generation function,211,936,Cross-group executive superstructure,2024-02-27,20:13:27
855,User-centric attitude-oriented service-desk,72,957,Sharable asymmetric adapter,2024-02-26,23:04:13
856,Balanced actuating encryption,543,822,Robust optimizing policy,2024-02-26,20:37:23
857,Organic systemic approach,264,777,Public-key cohesive capability,2024-02-27,15:37:20
858,Future-proofed mobile service-desk,111,44,Centralized actuating instruction set,2024-02-27,11:26:05
859,Visionary eco-centric workforce,110,516,Pre-emptive radical paradigm,2024-02-26,9:32:48
860,Cross-platform multi-state middleware,228,200,Horizontal high-level core,2024-02-27,20:36:59
861,Upgradable even-keeled solution,72,494,Cross-group bi-directional forecast,2024-02-27,1:43:32
862,User-centric stable function,733,568,Exclusive composite productivity,2024-02-26,13:05:55
863,Centralized motivating architecture,133,601,Ergonomic 6th generation website,2024-02-27,13:43:16
864,User-centric optimizing protocol,735,590,Phased context-sensitive solution,2024-02-26,22:03:29
865,Cross-group analyzing structure,382,718,Re-contextualized logistical contingency,2024-02-26,1:42:13
866,Robust responsive neural-net,132,200,Seamless modular frame,2024-02-28,2:29:18
867,Visionary neutral orchestration,303,396,Up-sized scalable hardware,2024-02-27,5:09:03
868,Exclusive web-enabled paradigm,223,104,Organic leading edge knowledge user,2024-02-26,5:09:47
869,Universal 5th generation data-warehouse,408,438,Multi-layered 6th generation knowledge user,2024-02-26,22:06:57
870,Re-contextualized mission-critical hierarchy,932,184,Enhanced asymmetric capability,2024-02-28,12:23:26
871,Distributed user-facing ability,922,142,Multi-layered impactful implementation,2024-02-26,17:14:18
872,Team-oriented dedicated functionalities,837,702,Profound national archive,2024-02-28,12:31:44
873,Mandatory client-server superstructure,46,891,Synergistic bandwidth-monitored knowledge base,2024-02-28,19:08:13
874,Intuitive reciprocal hierarchy,757,318,Profit-focused motivating matrices,2024-02-28,8:48:42
875,Digitized responsive parallelism,47,377,Team-oriented intangible local area network,2024-02-27,19:17:32
876,Enhanced leading edge database,631,463,Virtual non-volatile analyzer,2024-02-28,22:33:04
877,Configurable neutral time-frame,990,341,Implemented analyzing challenge,2024-02-27,21:16:31
878,Total zero tolerance ability,336,617,Front-line needs-based attitude,2024-02-26,23:05:53
879,Expanded motivating implementation,157,30,Diverse local solution,2024-02-26,15:51:55
880,Optional attitude-oriented algorithm,427,213,Phased contextually-based array,2024-02-28,6:02:18
881,User-centric global time-frame,440,188,Reactive asynchronous circuit,2024-02-28,21:08:17
882,Cross-platform user-facing moratorium,53,746,Front-line homogeneous flexibility,2024-02-27,23:51:06
883,Polarised heuristic support,107,443,Open-architected contextually-based structure,2024-02-26,9:01:40
884,Virtual 24 hour local area network,62,426,Extended multimedia model,2024-02-28,7:14:36
885,User-centric 5th generation software,778,99,Persistent background installation,2024-02-26,20:24:21
886,Fully-configurable 6th generation algorithm,244,42,Decentralized eco-centric application,2024-02-28,8:39:51
887,Realigned 24/7 Graphical User Interface,993,520,De-engineered transitional help-desk,2024-02-28,15:33:47
888,Innovative multi-tasking intranet,167,530,Centralized systemic access,2024-02-27,15:43:44
889,Optimized system-worthy projection,269,490,Diverse systemic help-desk,2024-02-26,4:27:57
890,Total next generation instruction set,32,704,Expanded stable functionalities,2024-02-26,19:06:45
891,Synchronised zero tolerance circuit,741,355,Upgradable heuristic array,2024-02-26,4:22:28
892,Ameliorated mission-critical analyzer,250,962,Decentralized didactic database,2024-02-27,8:58:49
893,Optional foreground array,705,810,Adaptive mission-critical algorithm,2024-02-28,15:00:39
894,Triple-buffered regional flexibility,843,105,Networked eco-centric neural-net,2024-02-27,2:26:44
895,Pre-emptive global time-frame,780,29,Face to face web-enabled firmware,2024-02-28,18:44:25
896,Reduced methodical migration,275,592,Configurable bandwidth-monitored analyzer,2024-02-27,11:34:05
897,Cloned motivating policy,208,967,Advanced content-based pricing structure,2024-02-27,20:43:36
898,Switchable bi-directional hierarchy,837,766,Realigned multi-tasking architecture,2024-02-26,15:17:51
899,Advanced stable encoding,159,14,De-engineered bandwidth-monitored throughput,2024-02-27,19:57:50
900,Integrated global emulation,135,771,Open-architected analyzing help-desk,2024-02-27,0:57:17
901,Quality-focused scalable customer loyalty,332,193,Object-based directional Graphical User Interface,2024-02-28,7:07:18
902,Versatile analyzing complexity,173,504,Open-architected impactful extranet,2024-02-26,23:32:26
903,Upgradable motivating capability,638,685,Re-contextualized tangible interface,2024-02-28,18:33:23
904,Configurable secondary array,107,374,Cross-group clear-thinking frame,2024-02-26,0:17:26
905,Phased web-enabled instruction set,62,918,Up-sized optimizing pricing structure,2024-02-26,0:40:23
906,Mandatory holistic complexity,658,912,Vision-oriented discrete emulation,2024-02-28,11:14:23
907,User-centric optimizing structure,945,444,Customer-focused background adapter,2024-02-28,19:05:22
908,Distributed system-worthy paradigm,914,305,Customer-focused non-volatile collaboration,2024-02-27,19:50:18
909,Multi-tiered maximized solution,562,559,Exclusive 24 hour encryption,2024-02-28,17:25:56
910,Extended needs-based installation,111,14,Horizontal disintermediate artificial intelligence,2024-02-27,22:59:35
911,Team-oriented didactic challenge,232,682,Phased zero defect middleware,2024-02-26,12:40:02
912,Reverse-engineered tertiary process improvement,6,922,Stand-alone stable hierarchy,2024-02-27,13:40:26
913,Re-contextualized incremental open architecture,882,471,Cloned explicit frame,2024-02-27,9:39:39
914,De-engineered explicit encryption,479,15,Distributed grid-enabled application,2024-02-27,20:22:56
915,Configurable reciprocal hub,973,503,Seamless exuding encryption,2024-02-28,3:29:21
916,Expanded 24/7 application,184,510,Upgradable grid-enabled framework,2024-02-26,9:34:40
917,Optimized bi-directional workforce,771,310,Progressive exuding moratorium,2024-02-28,21:31:43
918,Exclusive analyzing model,858,374,Configurable content-based hub,2024-02-26,20:39:26
919,Function-based composite intranet,696,62,Exclusive neutral hierarchy,2024-02-26,0:39:23
920,Secured executive alliance,15,818,Programmable radical capacity,2024-02-26,21:01:51
921,Business-focused uniform firmware,823,169,Switchable tertiary analyzer,2024-02-27,14:48:43
922,Compatible homogeneous application,630,32,Devolved asymmetric system engine,2024-02-26,0:59:06
923,Profit-focused homogeneous policy,34,332,Intuitive 4th generation Graphic Interface,2024-02-26,23:34:20
924,Ameliorated modular implementation,303,91,Cross-group real-time policy,2024-02-28,10:57:15
925,Enhanced logistical frame,840,62,Sharable well-modulated circuit,2024-02-27,12:59:48
926,Object-based interactive analyzer,815,890,Compatible dedicated Graphical User Interface,2024-02-27,23:10:52
927,Multi-lateral non-volatile implementation,268,469,Monitored needs-based encryption,2024-02-26,17:44:49
928,Innovative composite collaboration,660,278,Multi-lateral 24 hour throughput,2024-02-27,10:07:16
929,Digitized system-worthy paradigm,877,240,Public-key attitude-oriented firmware,2024-02-28,5:47:09
930,Open-architected reciprocal access,65,279,Quality-focused bottom-line framework,2024-02-27,15:18:16
931,Business-focused global algorithm,417,96,User-friendly scalable protocol,2024-02-27,19:07:57
932,Polarised tertiary structure,53,177,Team-oriented clear-thinking analyzer,2024-02-26,7:38:53
933,Stand-alone hybrid artificial intelligence,233,822,Upgradable explicit solution,2024-02-27,15:24:51
934,Networked multi-state infrastructure,524,627,Business-focused client-driven collaboration,2024-02-27,22:08:51
935,User-centric encompassing emulation,811,302,Down-sized systematic success,2024-02-28,18:58:37
936,Function-based motivating focus group,85,581,Horizontal system-worthy throughput,2024-02-28,6:33:57
937,Innovative dedicated success,996,154,Public-key bi-directional project,2024-02-26,6:50:53
938,Organized web-enabled matrices,788,266,Business-focused intermediate emulation,2024-02-26,20:10:51
939,Seamless didactic monitoring,299,610,Balanced local benchmark,2024-02-28,1:35:01
940,Fully-configurable zero defect ability,225,760,Pre-emptive asynchronous artificial intelligence,2024-02-28,23:53:29
941,Balanced grid-enabled strategy,429,873,Reduced web-enabled productivity,2024-02-26,23:48:49
942,Ameliorated context-sensitive system engine,165,242,Multi-tiered optimal time-frame,2024-02-28,19:39:27
943,Secured tangible system engine,110,340,Implemented directional leverage,2024-02-28,4:10:50
944,Reactive 24/7 budgetary management,654,42,Adaptive object-oriented service-desk,2024-02-27,19:03:31
945,Stand-alone fresh-thinking Graphical User Interface,354,544,Seamless homogeneous artificial intelligence,2024-02-27,18:58:38
946,Operative discrete neural-net,500,465,Optional transitional hardware,2024-02-26,0:59:26
947,Fully-configurable foreground hardware,217,951,Organic didactic infrastructure,2024-02-28,20:10:23
948,Profound radical frame,697,431,Inverse stable success,2024-02-28,8:39:14
949,Devolved bifurcated system engine,296,550,Monitored analyzing success,2024-02-26,12:38:57
950,Innovative 5th generation installation,458,320,Pre-emptive mission-critical hierarchy,2024-02-26,17:26:56
951,Progressive disintermediate matrix,268,96,Distributed 4th generation data-warehouse,2024-02-26,18:29:35
952,Customizable attitude-oriented matrix,60,20,Persistent upward-trending help-desk,2024-02-28,18:14:50
953,Grass-roots bi-directional synergy,987,625,Grass-roots upward-trending hierarchy,2024-02-26,10:43:34
954,Self-enabling 24 hour superstructure,911,412,Total 5th generation groupware,2024-02-28,19:24:26
955,Compatible intangible methodology,99,413,Extended cohesive analyzer,2024-02-28,3:38:45
956,Distributed systemic time-frame,62,304,Extended static attitude,2024-02-27,23:54:57
957,Reverse-engineered 3rd generation functionalities,773,715,Upgradable global open system,2024-02-28,9:51:38
958,Compatible object-oriented portal,212,588,Virtual content-based installation,2024-02-27,12:41:56
959,Mandatory systematic standardization,672,889,Versatile clear-thinking installation,2024-02-27,1:55:34
960,Total interactive time-frame,752,767,Phased background time-frame,2024-02-28,3:43:59
961,Enterprise-wide dynamic hierarchy,794,891,Optional disintermediate frame,2024-02-26,16:06:39
962,Right-sized object-oriented neural-net,354,172,Visionary multi-tasking benchmark,2024-02-27,8:01:25
963,Public-key exuding methodology,731,380,Up-sized tertiary attitude,2024-02-26,10:24:33
964,Quality-focused high-level function,882,11,Upgradable zero defect monitoring,2024-02-27,15:11:14
965,Adaptive 24/7 archive,267,988,Focused 24/7 policy,2024-02-26,6:57:58
966,Inverse interactive analyzer,83,552,Public-key needs-based neural-net,2024-02-28,10:28:52
967,Diverse executive database,907,123,Face to face dedicated paradigm,2024-02-27,23:03:23
968,Optional tangible adapter,422,862,Assimilated reciprocal encryption,2024-02-27,16:47:47
969,Open-source 5th generation knowledge user,302,969,Cloned 6th generation Graphical User Interface,2024-02-27,18:06:47
970,Polarised didactic Graphical User Interface,809,848,Organized web-enabled superstructure,2024-02-27,20:00:11
971,Intuitive client-driven firmware,81,745,Streamlined solution-oriented solution,2024-02-26,13:55:11
972,Persevering user-facing pricing structure,170,425,Business-focused motivating budgetary management,2024-02-27,18:21:10
973,Progressive value-added capability,440,567,Multi-tiered heuristic knowledge user,2024-02-27,3:17:03
974,Right-sized heuristic productivity,368,619,Re-engineered explicit data-warehouse,2024-02-27,21:54:27
975,Innovative holistic hardware,489,281,Stand-alone mission-critical artificial intelligence,2024-02-28,8:53:45
976,Advanced incremental Graphical User Interface,216,678,Synergized dedicated access,2024-02-27,12:52:11
977,Multi-channelled cohesive interface,552,370,Proactive client-server methodology,2024-02-28,0:11:46
978,Organized full-range algorithm,51,518,Down-sized 3rd generation model,2024-02-28,20:59:22
979,Assimilated client-server portal,418,85,Intuitive user-facing paradigm,2024-02-27,2:41:15
980,Face to face mission-critical middleware,595,957,Organized neutral workforce,2024-02-26,7:05:30
981,Expanded systemic Graphical User Interface,774,170,Open-architected systemic paradigm,2024-02-27,14:19:12
982,Proactive real-time access,938,780,Automated grid-enabled internet solution,2024-02-27,20:44:58
983,Switchable optimizing infrastructure,15,467,Implemented motivating hardware,2024-02-28,3:18:35
984,Synchronised client-server throughput,534,183,Assimilated dedicated array,2024-02-28,1:55:29
985,Monitored fresh-thinking collaboration,149,608,Seamless multimedia benchmark,2024-02-26,1:01:58
986,Proactive fault-tolerant utilisation,708,569,Reactive explicit infrastructure,2024-02-28,3:45:38
987,Diverse content-based leverage,646,839,Business-focused content-based core,2024-02-26,19:11:23
988,Centralized neutral flexibility,331,621,Customer-focused background help-desk,2024-02-28,0:03:26
989,Multi-channelled neutral firmware,394,503,Customizable exuding ability,2024-02-28,10:39:47
990,Realigned intangible framework,533,963,Extended 3rd generation access,2024-02-26,13:30:26
991,Front-line optimizing policy,761,11,Down-sized multi-tasking open architecture,2024-02-27,9:23:17
992,Synergized disintermediate task-force,881,828,Customizable zero defect architecture,2024-02-28,12:51:52
993,Focused actuating complexity,736,551,Cross-group object-oriented process improvement,2024-02-26,23:09:52
994,Multi-tiered static success,408,150,Future-proofed transitional interface,2024-02-28,22:14:18
995,Inverse human-resource pricing structure,782,626,Automated mobile core,2024-02-28,7:13:21
996,Multi-tiered background capability,578,361,Universal reciprocal help-desk,2024-02-28,22:34:30
997,Business-focused neutral productivity,389,490,Synergistic optimizing success,2024-02-28,11:06:43
998,Intuitive asynchronous leverage,607,99,Cross-platform client-driven conglomeration,2024-02-26,6:13:19
999,Focused executive intranet,958,59,Extended disintermediate help-desk,2024-02-28,2:58:46
1000,Inverse maximized secured line,734,788,Operative maximized methodology,2024-02-26,22:15:24
