id,restaurant_id,review
1,188,The ambiance was cozy and inviting
2,936,The prices were reasonable for the portion sizes and quality of the food.
3,222,The restaurant had a great atmosphere
4,260,The food was delicious and the service was excellent.
5,538,The restaurant had a great atmosphere
6,985,The prices were reasonable for the portion sizes and quality of the food.
7,144,The staff was friendly and attentive
8,480,I would definitely recommend this restaurant to friends and family.
9,27,The portions were generous and the presentation of the dishes was beautiful.
10,334,The food was delicious and the service was excellent.
11,386,The prices were reasonable for the portion sizes and quality of the food.
12,521,I was disappointed with the quality of the food and the slow service.
13,759,The restaurant had a unique and creative menu that was a refreshing change from the usual options.
14,993,The ambiance was cozy and inviting
15,245,The food was delicious and the service was excellent.
16,482,I was disappointed with the quality of the food and the slow service.
17,257,but the prices were a bit high.
18,588,The food was delicious and the service was excellent.
19,1,I had a wonderful dining experience and will definitely be returning in the future.
20,75,but the prices were a bit high.
21,950,I had a wonderful dining experience and will definitely be returning in the future.
22,296,The restaurant had a unique and creative menu that was a refreshing change from the usual options.
23,920,The restaurant had a unique and creative menu that was a refreshing change from the usual options.
24,799,I was disappointed with the quality of the food and the slow service.
25,514,I would definitely recommend this restaurant to friends and family.
26,802,The food was delicious and the service was excellent.
27,38,The staff was friendly and attentive
28,577,I would definitely recommend this restaurant to friends and family.
29,353,I would definitely recommend this restaurant to friends and family.
30,288,I was disappointed with the quality of the food and the slow service.
31,831,The prices were reasonable for the portion sizes and quality of the food.
32,604,The ambiance was cozy and inviting
33,9,The ambiance was cozy and inviting
34,966,The staff was friendly and attentive
35,540,The prices were reasonable for the portion sizes and quality of the food.
36,692,The portions were generous and the presentation of the dishes was beautiful.
37,117,I was disappointed with the quality of the food and the slow service.
38,930,The prices were reasonable for the portion sizes and quality of the food.
39,606,The ambiance was cozy and inviting
40,954,but the prices were a bit high.
41,209,The restaurant had a unique and creative menu that was a refreshing change from the usual options.
42,572,but the menu options were limited.
43,732,but the menu options were limited.
44,271,making for a pleasant dining experience.
45,323,but the prices were a bit high.
46,472,but the menu options were limited.
47,862,The food was delicious and the service was excellent.
48,33,The food was delicious and the service was excellent.
49,935,The portions were generous and the presentation of the dishes was beautiful.
50,39,The ambiance was cozy and inviting
51,707,I would definitely recommend this restaurant to friends and family.
52,318,The ambiance was cozy and inviting
53,540,The restaurant had a unique and creative menu that was a refreshing change from the usual options.
54,18,The prices were reasonable for the portion sizes and quality of the food.
55,432,The ambiance was cozy and inviting
56,833,The restaurant had a unique and creative menu that was a refreshing change from the usual options.
57,639,I had a wonderful dining experience and will definitely be returning in the future.
58,88,The ambiance was cozy and inviting
59,247,The prices were reasonable for the portion sizes and quality of the food.
60,373,The restaurant had a great atmosphere
61,818,The prices were reasonable for the portion sizes and quality of the food.
62,107,The food was delicious and the service was excellent.
63,229,The prices were reasonable for the portion sizes and quality of the food.
64,788,but the menu options were limited.
65,268,The food was delicious and the service was excellent.
66,761,making for a pleasant dining experience.
67,51,The ambiance was cozy and inviting
68,873,I would definitely recommend this restaurant to friends and family.
69,968,The restaurant had a unique and creative menu that was a refreshing change from the usual options.
70,264,I had a wonderful dining experience and will definitely be returning in the future.
71,881,The restaurant had a unique and creative menu that was a refreshing change from the usual options.
72,916,I had a wonderful dining experience and will definitely be returning in the future.
73,375,I would definitely recommend this restaurant to friends and family.
74,756,but the menu options were limited.
75,107,The food was delicious and the service was excellent.
76,45,The restaurant had a great atmosphere
77,916,The restaurant had a unique and creative menu that was a refreshing change from the usual options.
78,442,I was disappointed with the quality of the food and the slow service.
79,591,The restaurant had a unique and creative menu that was a refreshing change from the usual options.
80,524,The food was delicious and the service was excellent.
81,740,I had a wonderful dining experience and will definitely be returning in the future.
82,514,The restaurant had a unique and creative menu that was a refreshing change from the usual options.
83,428,The ambiance was cozy and inviting
84,817,but the prices were a bit high.
85,25,I would definitely recommend this restaurant to friends and family.
86,55,The prices were reasonable for the portion sizes and quality of the food.
87,229,I was disappointed with the quality of the food and the slow service.
88,808,but the prices were a bit high.
89,117,The portions were generous and the presentation of the dishes was beautiful.
90,92,The restaurant had a unique and creative menu that was a refreshing change from the usual options.
91,434,I would definitely recommend this restaurant to friends and family.
92,556,making for a pleasant dining experience.
93,69,but the prices were a bit high.
94,767,but the menu options were limited.
95,59,The food was delicious and the service was excellent.
96,309,The restaurant had a unique and creative menu that was a refreshing change from the usual options.
97,753,but the prices were a bit high.
98,856,I was disappointed with the quality of the food and the slow service.
99,942,The prices were reasonable for the portion sizes and quality of the food.
100,89,but the menu options were limited.
101,282,The portions were generous and the presentation of the dishes was beautiful.
102,5,The ambiance was cozy and inviting
103,170,The food was delicious and the service was excellent.
104,901,I was disappointed with the quality of the food and the slow service.
105,215,I was disappointed with the quality of the food and the slow service.
106,487,The portions were generous and the presentation of the dishes was beautiful.
107,489,The food was delicious and the service was excellent.
108,348,The restaurant had a great atmosphere
109,491,The staff was friendly and attentive
110,745,but the prices were a bit high.
111,658,The food was delicious and the service was excellent.
112,903,The ambiance was cozy and inviting
113,975,I was disappointed with the quality of the food and the slow service.
114,905,making for a pleasant dining experience.
115,687,I would definitely recommend this restaurant to friends and family.
116,261,but the prices were a bit high.
117,201,The ambiance was cozy and inviting
118,855,The ambiance was cozy and inviting
119,804,The food was delicious and the service was excellent.
120,680,The staff was friendly and attentive
121,435,The restaurant had a unique and creative menu that was a refreshing change from the usual options.
122,9,The staff was friendly and attentive
123,901,I would definitely recommend this restaurant to friends and family.
124,247,The staff was friendly and attentive
125,571,The staff was friendly and attentive
126,459,The food was delicious and the service was excellent.
127,671,but the prices were a bit high.
128,564,The ambiance was cozy and inviting
129,935,but the menu options were limited.
130,306,The ambiance was cozy and inviting
131,790,I was disappointed with the quality of the food and the slow service.
132,645,The restaurant had a unique and creative menu that was a refreshing change from the usual options.
133,428,but the prices were a bit high.
134,807,but the menu options were limited.
135,858,I had a wonderful dining experience and will definitely be returning in the future.
136,45,The prices were reasonable for the portion sizes and quality of the food.
137,778,but the prices were a bit high.
138,390,I was disappointed with the quality of the food and the slow service.
139,347,The prices were reasonable for the portion sizes and quality of the food.
140,772,The prices were reasonable for the portion sizes and quality of the food.
141,485,The staff was friendly and attentive
142,863,The ambiance was cozy and inviting
143,998,but the prices were a bit high.
144,519,but the prices were a bit high.
145,251,The staff was friendly and attentive
146,929,The portions were generous and the presentation of the dishes was beautiful.
147,192,The prices were reasonable for the portion sizes and quality of the food.
148,608,I would definitely recommend this restaurant to friends and family.
149,950,I had a wonderful dining experience and will definitely be returning in the future.
150,409,I had a wonderful dining experience and will definitely be returning in the future.
151,319,I would definitely recommend this restaurant to friends and family.
152,662,but the prices were a bit high.
153,967,The food was delicious and the service was excellent.
154,333,The staff was friendly and attentive
155,317,The food was delicious and the service was excellent.
156,176,The portions were generous and the presentation of the dishes was beautiful.
157,437,The portions were generous and the presentation of the dishes was beautiful.
158,395,I would definitely recommend this restaurant to friends and family.
159,871,but the menu options were limited.
160,955,I was disappointed with the quality of the food and the slow service.
161,704,I had a wonderful dining experience and will definitely be returning in the future.
162,861,The restaurant had a great atmosphere
163,179,The restaurant had a unique and creative menu that was a refreshing change from the usual options.
164,872,The staff was friendly and attentive
165,999,The staff was friendly and attentive
166,63,The ambiance was cozy and inviting
167,419,The food was delicious and the service was excellent.
168,868,but the menu options were limited.
169,612,but the prices were a bit high.
170,525,The staff was friendly and attentive
171,743,I was disappointed with the quality of the food and the slow service.
172,942,I would definitely recommend this restaurant to friends and family.
173,95,The food was delicious and the service was excellent.
174,953,The ambiance was cozy and inviting
175,434,I would definitely recommend this restaurant to friends and family.
176,835,I had a wonderful dining experience and will definitely be returning in the future.
177,240,making for a pleasant dining experience.
178,360,I would definitely recommend this restaurant to friends and family.
179,968,but the prices were a bit high.
180,447,The food was delicious and the service was excellent.
181,762,The portions were generous and the presentation of the dishes was beautiful.
182,658,making for a pleasant dining experience.
183,294,The ambiance was cozy and inviting
184,671,I had a wonderful dining experience and will definitely be returning in the future.
185,380,The staff was friendly and attentive
186,508,The ambiance was cozy and inviting
187,965,The restaurant had a great atmosphere
188,337,making for a pleasant dining experience.
189,45,I had a wonderful dining experience and will definitely be returning in the future.
190,515,The food was delicious and the service was excellent.
191,742,making for a pleasant dining experience.
192,169,but the menu options were limited.
193,170,The portions were generous and the presentation of the dishes was beautiful.
194,906,The food was delicious and the service was excellent.
195,52,I had a wonderful dining experience and will definitely be returning in the future.
196,533,The food was delicious and the service was excellent.
197,463,The food was delicious and the service was excellent.
198,226,The restaurant had a unique and creative menu that was a refreshing change from the usual options.
199,36,making for a pleasant dining experience.
200,253,The restaurant had a great atmosphere
201,829,The prices were reasonable for the portion sizes and quality of the food.
202,427,The restaurant had a unique and creative menu that was a refreshing change from the usual options.
203,180,The prices were reasonable for the portion sizes and quality of the food.
204,299,making for a pleasant dining experience.
205,603,The food was delicious and the service was excellent.
206,193,but the menu options were limited.
207,782,The portions were generous and the presentation of the dishes was beautiful.
208,851,The restaurant had a unique and creative menu that was a refreshing change from the usual options.
209,815,The prices were reasonable for the portion sizes and quality of the food.
210,66,The ambiance was cozy and inviting
211,781,The staff was friendly and attentive
212,347,making for a pleasant dining experience.
213,580,The ambiance was cozy and inviting
214,680,I had a wonderful dining experience and will definitely be returning in the future.
215,207,I was disappointed with the quality of the food and the slow service.
216,102,The prices were reasonable for the portion sizes and quality of the food.
217,800,The food was delicious and the service was excellent.
218,855,The restaurant had a unique and creative menu that was a refreshing change from the usual options.
219,958,making for a pleasant dining experience.
220,867,I would definitely recommend this restaurant to friends and family.
221,96,making for a pleasant dining experience.
222,208,making for a pleasant dining experience.
223,611,The portions were generous and the presentation of the dishes was beautiful.
224,567,I was disappointed with the quality of the food and the slow service.
225,892,The prices were reasonable for the portion sizes and quality of the food.
226,241,The restaurant had a great atmosphere
227,539,The food was delicious and the service was excellent.
228,655,I was disappointed with the quality of the food and the slow service.
229,833,but the prices were a bit high.
230,636,I had a wonderful dining experience and will definitely be returning in the future.
231,490,I was disappointed with the quality of the food and the slow service.
232,951,The ambiance was cozy and inviting
233,535,The staff was friendly and attentive
234,623,I was disappointed with the quality of the food and the slow service.
235,242,making for a pleasant dining experience.
236,444,I had a wonderful dining experience and will definitely be returning in the future.
237,80,but the prices were a bit high.
238,565,I had a wonderful dining experience and will definitely be returning in the future.
239,133,but the prices were a bit high.
240,399,I had a wonderful dining experience and will definitely be returning in the future.
241,814,I was disappointed with the quality of the food and the slow service.
242,664,I had a wonderful dining experience and will definitely be returning in the future.
243,685,The restaurant had a unique and creative menu that was a refreshing change from the usual options.
244,451,The restaurant had a great atmosphere
245,539,The food was delicious and the service was excellent.
246,456,The prices were reasonable for the portion sizes and quality of the food.
247,338,but the menu options were limited.
248,327,I would definitely recommend this restaurant to friends and family.
249,541,I was disappointed with the quality of the food and the slow service.
250,15,I was disappointed with the quality of the food and the slow service.
251,952,The food was delicious and the service was excellent.
252,840,making for a pleasant dining experience.
253,84,The restaurant had a great atmosphere
254,734,The restaurant had a great atmosphere
255,309,The food was delicious and the service was excellent.
256,728,making for a pleasant dining experience.
257,549,The portions were generous and the presentation of the dishes was beautiful.
258,108,but the prices were a bit high.
259,884,The portions were generous and the presentation of the dishes was beautiful.
260,651,I would definitely recommend this restaurant to friends and family.
261,601,The prices were reasonable for the portion sizes and quality of the food.
262,681,The portions were generous and the presentation of the dishes was beautiful.
263,99,The restaurant had a great atmosphere
264,120,The restaurant had a unique and creative menu that was a refreshing change from the usual options.
265,855,The staff was friendly and attentive
266,327,The food was delicious and the service was excellent.
267,600,The restaurant had a unique and creative menu that was a refreshing change from the usual options.
268,747,The restaurant had a unique and creative menu that was a refreshing change from the usual options.
269,804,I had a wonderful dining experience and will definitely be returning in the future.
270,848,I was disappointed with the quality of the food and the slow service.
271,106,but the prices were a bit high.
272,273,The restaurant had a great atmosphere
273,800,I had a wonderful dining experience and will definitely be returning in the future.
274,734,I was disappointed with the quality of the food and the slow service.
275,560,but the menu options were limited.
276,608,The food was delicious and the service was excellent.
277,337,The food was delicious and the service was excellent.
278,160,The food was delicious and the service was excellent.
279,86,The portions were generous and the presentation of the dishes was beautiful.
280,502,but the menu options were limited.
281,751,but the prices were a bit high.
282,649,I had a wonderful dining experience and will definitely be returning in the future.
283,555,but the menu options were limited.
284,24,The staff was friendly and attentive
285,610,but the menu options were limited.
286,301,but the menu options were limited.
287,387,making for a pleasant dining experience.
288,269,making for a pleasant dining experience.
289,522,but the prices were a bit high.
290,989,I was disappointed with the quality of the food and the slow service.
291,483,I was disappointed with the quality of the food and the slow service.
292,587,but the prices were a bit high.
293,217,The food was delicious and the service was excellent.
294,700,but the prices were a bit high.
295,924,The staff was friendly and attentive
296,6,The food was delicious and the service was excellent.
297,387,The food was delicious and the service was excellent.
298,298,The prices were reasonable for the portion sizes and quality of the food.
299,202,I was disappointed with the quality of the food and the slow service.
300,925,The staff was friendly and attentive
301,478,I had a wonderful dining experience and will definitely be returning in the future.
302,163,I had a wonderful dining experience and will definitely be returning in the future.
303,967,but the prices were a bit high.
304,997,The prices were reasonable for the portion sizes and quality of the food.
305,792,The restaurant had a unique and creative menu that was a refreshing change from the usual options.
306,851,The prices were reasonable for the portion sizes and quality of the food.
307,592,The restaurant had a unique and creative menu that was a refreshing change from the usual options.
308,181,The staff was friendly and attentive
309,389,I had a wonderful dining experience and will definitely be returning in the future.
310,818,The ambiance was cozy and inviting
311,462,I would definitely recommend this restaurant to friends and family.
312,787,I would definitely recommend this restaurant to friends and family.
313,75,but the menu options were limited.
314,661,making for a pleasant dining experience.
315,965,I had a wonderful dining experience and will definitely be returning in the future.
316,679,I would definitely recommend this restaurant to friends and family.
317,166,I was disappointed with the quality of the food and the slow service.
318,823,The portions were generous and the presentation of the dishes was beautiful.
319,640,making for a pleasant dining experience.
320,649,I was disappointed with the quality of the food and the slow service.
321,747,but the menu options were limited.
322,758,The food was delicious and the service was excellent.
323,875,The restaurant had a unique and creative menu that was a refreshing change from the usual options.
324,541,making for a pleasant dining experience.
325,699,The restaurant had a great atmosphere
326,385,I was disappointed with the quality of the food and the slow service.
327,221,I had a wonderful dining experience and will definitely be returning in the future.
328,93,The restaurant had a great atmosphere
329,882,The food was delicious and the service was excellent.
330,511,I was disappointed with the quality of the food and the slow service.
331,948,but the menu options were limited.
332,687,The portions were generous and the presentation of the dishes was beautiful.
333,956,The portions were generous and the presentation of the dishes was beautiful.
334,725,The prices were reasonable for the portion sizes and quality of the food.
335,418,I was disappointed with the quality of the food and the slow service.
336,282,making for a pleasant dining experience.
337,185,I was disappointed with the quality of the food and the slow service.
338,176,The restaurant had a unique and creative menu that was a refreshing change from the usual options.
339,198,The staff was friendly and attentive
340,196,The ambiance was cozy and inviting
341,716,but the menu options were limited.
342,878,but the menu options were limited.
343,327,The staff was friendly and attentive
344,867,The portions were generous and the presentation of the dishes was beautiful.
345,924,making for a pleasant dining experience.
346,722,I had a wonderful dining experience and will definitely be returning in the future.
347,814,The prices were reasonable for the portion sizes and quality of the food.
348,671,The prices were reasonable for the portion sizes and quality of the food.
349,695,The restaurant had a great atmosphere
350,709,The restaurant had a unique and creative menu that was a refreshing change from the usual options.
351,694,I would definitely recommend this restaurant to friends and family.
352,595,but the prices were a bit high.
353,318,The portions were generous and the presentation of the dishes was beautiful.
354,22,The restaurant had a unique and creative menu that was a refreshing change from the usual options.
355,291,The prices were reasonable for the portion sizes and quality of the food.
356,130,The restaurant had a unique and creative menu that was a refreshing change from the usual options.
357,789,but the prices were a bit high.
358,955,The portions were generous and the presentation of the dishes was beautiful.
359,301,but the prices were a bit high.
360,313,The portions were generous and the presentation of the dishes was beautiful.
361,728,I had a wonderful dining experience and will definitely be returning in the future.
362,321,The portions were generous and the presentation of the dishes was beautiful.
363,116,The food was delicious and the service was excellent.
364,152,I had a wonderful dining experience and will definitely be returning in the future.
365,262,The ambiance was cozy and inviting
366,396,but the prices were a bit high.
367,979,The food was delicious and the service was excellent.
368,824,I would definitely recommend this restaurant to friends and family.
369,907,I had a wonderful dining experience and will definitely be returning in the future.
370,208,The ambiance was cozy and inviting
371,60,The prices were reasonable for the portion sizes and quality of the food.
372,606,making for a pleasant dining experience.
373,572,The food was delicious and the service was excellent.
374,630,The food was delicious and the service was excellent.
375,952,The restaurant had a great atmosphere
376,937,but the prices were a bit high.
377,490,I had a wonderful dining experience and will definitely be returning in the future.
378,679,I would definitely recommend this restaurant to friends and family.
379,179,The portions were generous and the presentation of the dishes was beautiful.
380,785,but the prices were a bit high.
381,665,The restaurant had a unique and creative menu that was a refreshing change from the usual options.
382,715,The food was delicious and the service was excellent.
383,935,The ambiance was cozy and inviting
384,701,The staff was friendly and attentive
385,52,The restaurant had a great atmosphere
386,310,I would definitely recommend this restaurant to friends and family.
387,624,I was disappointed with the quality of the food and the slow service.
388,108,making for a pleasant dining experience.
389,888,The food was delicious and the service was excellent.
390,890,I would definitely recommend this restaurant to friends and family.
391,77,I had a wonderful dining experience and will definitely be returning in the future.
392,896,I was disappointed with the quality of the food and the slow service.
393,128,I would definitely recommend this restaurant to friends and family.
394,838,The staff was friendly and attentive
395,836,I was disappointed with the quality of the food and the slow service.
396,794,making for a pleasant dining experience.
397,58,The ambiance was cozy and inviting
398,177,I would definitely recommend this restaurant to friends and family.
399,642,The ambiance was cozy and inviting
400,519,I had a wonderful dining experience and will definitely be returning in the future.
401,777,The restaurant had a great atmosphere
402,592,The staff was friendly and attentive
403,957,but the prices were a bit high.
404,386,The prices were reasonable for the portion sizes and quality of the food.
405,592,The portions were generous and the presentation of the dishes was beautiful.
406,353,but the prices were a bit high.
407,85,The food was delicious and the service was excellent.
408,623,but the menu options were limited.
409,905,I was disappointed with the quality of the food and the slow service.
410,534,I would definitely recommend this restaurant to friends and family.
411,370,The ambiance was cozy and inviting
412,386,The restaurant had a great atmosphere
413,878,The restaurant had a great atmosphere
414,746,I was disappointed with the quality of the food and the slow service.
415,212,but the menu options were limited.
416,221,The portions were generous and the presentation of the dishes was beautiful.
417,434,The food was delicious and the service was excellent.
418,884,I had a wonderful dining experience and will definitely be returning in the future.
419,235,I was disappointed with the quality of the food and the slow service.
420,578,The restaurant had a great atmosphere
421,572,making for a pleasant dining experience.
422,808,I would definitely recommend this restaurant to friends and family.
423,975,The restaurant had a unique and creative menu that was a refreshing change from the usual options.
424,610,The food was delicious and the service was excellent.
425,699,I would definitely recommend this restaurant to friends and family.
426,405,but the prices were a bit high.
427,673,but the menu options were limited.
428,828,The food was delicious and the service was excellent.
429,381,I had a wonderful dining experience and will definitely be returning in the future.
430,980,I had a wonderful dining experience and will definitely be returning in the future.
431,320,The restaurant had a great atmosphere
432,869,The food was delicious and the service was excellent.
433,532,I was disappointed with the quality of the food and the slow service.
434,789,I had a wonderful dining experience and will definitely be returning in the future.
435,716,The restaurant had a unique and creative menu that was a refreshing change from the usual options.
436,766,The restaurant had a unique and creative menu that was a refreshing change from the usual options.
437,283,The staff was friendly and attentive
438,122,making for a pleasant dining experience.
439,246,but the prices were a bit high.
440,66,The prices were reasonable for the portion sizes and quality of the food.
441,340,I would definitely recommend this restaurant to friends and family.
442,710,The staff was friendly and attentive
443,678,The restaurant had a unique and creative menu that was a refreshing change from the usual options.
444,545,The restaurant had a unique and creative menu that was a refreshing change from the usual options.
445,363,The portions were generous and the presentation of the dishes was beautiful.
446,112,The staff was friendly and attentive
447,243,The staff was friendly and attentive
448,849,The ambiance was cozy and inviting
449,155,making for a pleasant dining experience.
450,926,I would definitely recommend this restaurant to friends and family.
451,249,The prices were reasonable for the portion sizes and quality of the food.
452,97,The restaurant had a unique and creative menu that was a refreshing change from the usual options.
453,47,but the menu options were limited.
454,924,I was disappointed with the quality of the food and the slow service.
455,543,The prices were reasonable for the portion sizes and quality of the food.
456,329,The staff was friendly and attentive
457,917,I would definitely recommend this restaurant to friends and family.
458,343,but the prices were a bit high.
459,763,The restaurant had a great atmosphere
460,540,The prices were reasonable for the portion sizes and quality of the food.
461,669,The food was delicious and the service was excellent.
462,388,The prices were reasonable for the portion sizes and quality of the food.
463,872,I was disappointed with the quality of the food and the slow service.
464,501,I had a wonderful dining experience and will definitely be returning in the future.
465,681,but the prices were a bit high.
466,554,but the menu options were limited.
467,356,The restaurant had a great atmosphere
468,146,The staff was friendly and attentive
469,994,I had a wonderful dining experience and will definitely be returning in the future.
470,194,The restaurant had a unique and creative menu that was a refreshing change from the usual options.
471,822,but the prices were a bit high.
472,296,I was disappointed with the quality of the food and the slow service.
473,770,The restaurant had a great atmosphere
474,292,I had a wonderful dining experience and will definitely be returning in the future.
475,196,I was disappointed with the quality of the food and the slow service.
476,265,making for a pleasant dining experience.
477,294,making for a pleasant dining experience.
478,865,The restaurant had a great atmosphere
479,872,The ambiance was cozy and inviting
480,49,The food was delicious and the service was excellent.
481,678,I would definitely recommend this restaurant to friends and family.
482,689,The portions were generous and the presentation of the dishes was beautiful.
483,401,The prices were reasonable for the portion sizes and quality of the food.
484,199,The ambiance was cozy and inviting
485,928,The restaurant had a great atmosphere
486,135,but the prices were a bit high.
487,507,The prices were reasonable for the portion sizes and quality of the food.
488,958,but the prices were a bit high.
489,268,The food was delicious and the service was excellent.
490,823,The prices were reasonable for the portion sizes and quality of the food.
491,997,The prices were reasonable for the portion sizes and quality of the food.
492,743,The restaurant had a unique and creative menu that was a refreshing change from the usual options.
493,719,The portions were generous and the presentation of the dishes was beautiful.
494,791,but the menu options were limited.
495,880,The restaurant had a unique and creative menu that was a refreshing change from the usual options.
496,611,The ambiance was cozy and inviting
497,711,I had a wonderful dining experience and will definitely be returning in the future.
498,178,The restaurant had a unique and creative menu that was a refreshing change from the usual options.
499,520,The restaurant had a great atmosphere
500,536,The ambiance was cozy and inviting
501,697,The staff was friendly and attentive
502,81,The portions were generous and the presentation of the dishes was beautiful.
503,272,The food was delicious and the service was excellent.
504,26,I had a wonderful dining experience and will definitely be returning in the future.
505,309,The ambiance was cozy and inviting
506,645,The prices were reasonable for the portion sizes and quality of the food.
507,516,The prices were reasonable for the portion sizes and quality of the food.
508,49,The portions were generous and the presentation of the dishes was beautiful.
509,116,I was disappointed with the quality of the food and the slow service.
510,202,The prices were reasonable for the portion sizes and quality of the food.
511,169,I was disappointed with the quality of the food and the slow service.
512,846,but the prices were a bit high.
513,261,The portions were generous and the presentation of the dishes was beautiful.
514,966,The prices were reasonable for the portion sizes and quality of the food.
515,884,The restaurant had a great atmosphere
516,487,The food was delicious and the service was excellent.
517,301,The restaurant had a unique and creative menu that was a refreshing change from the usual options.
518,360,but the prices were a bit high.
519,620,but the menu options were limited.
520,380,I had a wonderful dining experience and will definitely be returning in the future.
521,784,making for a pleasant dining experience.
522,186,The ambiance was cozy and inviting
523,130,I would definitely recommend this restaurant to friends and family.
524,333,but the menu options were limited.
525,662,The restaurant had a unique and creative menu that was a refreshing change from the usual options.
526,896,I had a wonderful dining experience and will definitely be returning in the future.
527,892,The prices were reasonable for the portion sizes and quality of the food.
528,817,The restaurant had a great atmosphere
529,252,The portions were generous and the presentation of the dishes was beautiful.
530,458,The prices were reasonable for the portion sizes and quality of the food.
531,141,The restaurant had a unique and creative menu that was a refreshing change from the usual options.
532,659,The food was delicious and the service was excellent.
533,954,but the menu options were limited.
534,636,The restaurant had a unique and creative menu that was a refreshing change from the usual options.
535,92,making for a pleasant dining experience.
536,413,The food was delicious and the service was excellent.
537,212,The prices were reasonable for the portion sizes and quality of the food.
538,757,The prices were reasonable for the portion sizes and quality of the food.
539,626,making for a pleasant dining experience.
540,258,but the menu options were limited.
541,577,The restaurant had a unique and creative menu that was a refreshing change from the usual options.
542,954,The prices were reasonable for the portion sizes and quality of the food.
543,173,I had a wonderful dining experience and will definitely be returning in the future.
544,595,The ambiance was cozy and inviting
545,845,The restaurant had a great atmosphere
546,388,The portions were generous and the presentation of the dishes was beautiful.
547,686,The staff was friendly and attentive
548,738,The portions were generous and the presentation of the dishes was beautiful.
549,294,making for a pleasant dining experience.
550,453,The restaurant had a great atmosphere
551,812,The restaurant had a great atmosphere
552,484,but the prices were a bit high.
553,989,The food was delicious and the service was excellent.
554,265,The food was delicious and the service was excellent.
555,300,The food was delicious and the service was excellent.
556,193,I had a wonderful dining experience and will definitely be returning in the future.
557,437,The restaurant had a unique and creative menu that was a refreshing change from the usual options.
558,570,The ambiance was cozy and inviting
559,587,I was disappointed with the quality of the food and the slow service.
560,64,The restaurant had a great atmosphere
561,256,I would definitely recommend this restaurant to friends and family.
562,404,The restaurant had a unique and creative menu that was a refreshing change from the usual options.
563,239,The portions were generous and the presentation of the dishes was beautiful.
564,217,The staff was friendly and attentive
565,295,but the menu options were limited.
566,588,The restaurant had a unique and creative menu that was a refreshing change from the usual options.
567,665,I would definitely recommend this restaurant to friends and family.
568,7,but the prices were a bit high.
569,575,The restaurant had a unique and creative menu that was a refreshing change from the usual options.
570,511,but the prices were a bit high.
571,876,making for a pleasant dining experience.
572,578,making for a pleasant dining experience.
573,536,The restaurant had a great atmosphere
574,847,making for a pleasant dining experience.
575,485,I had a wonderful dining experience and will definitely be returning in the future.
576,726,The ambiance was cozy and inviting
577,673,making for a pleasant dining experience.
578,885,The food was delicious and the service was excellent.
579,847,making for a pleasant dining experience.
580,540,I would definitely recommend this restaurant to friends and family.
581,330,making for a pleasant dining experience.
582,467,The ambiance was cozy and inviting
583,39,making for a pleasant dining experience.
584,660,The restaurant had a great atmosphere
585,675,but the prices were a bit high.
586,126,I was disappointed with the quality of the food and the slow service.
587,716,but the menu options were limited.
588,354,The food was delicious and the service was excellent.
589,292,The ambiance was cozy and inviting
590,266,I had a wonderful dining experience and will definitely be returning in the future.
591,968,The portions were generous and the presentation of the dishes was beautiful.
592,935,The ambiance was cozy and inviting
593,2,I would definitely recommend this restaurant to friends and family.
594,301,The portions were generous and the presentation of the dishes was beautiful.
595,434,I would definitely recommend this restaurant to friends and family.
596,501,The restaurant had a unique and creative menu that was a refreshing change from the usual options.
597,643,The food was delicious and the service was excellent.
598,481,but the menu options were limited.
599,656,The ambiance was cozy and inviting
600,954,making for a pleasant dining experience.
601,313,The staff was friendly and attentive
602,674,The portions were generous and the presentation of the dishes was beautiful.
603,886,The ambiance was cozy and inviting
604,725,The restaurant had a unique and creative menu that was a refreshing change from the usual options.
605,596,The restaurant had a great atmosphere
606,695,The restaurant had a unique and creative menu that was a refreshing change from the usual options.
607,189,The prices were reasonable for the portion sizes and quality of the food.
608,970,I was disappointed with the quality of the food and the slow service.
609,971,The prices were reasonable for the portion sizes and quality of the food.
610,874,The prices were reasonable for the portion sizes and quality of the food.
611,38,The food was delicious and the service was excellent.
612,502,The prices were reasonable for the portion sizes and quality of the food.
613,820,making for a pleasant dining experience.
614,561,The food was delicious and the service was excellent.
615,745,but the prices were a bit high.
616,358,making for a pleasant dining experience.
617,31,The food was delicious and the service was excellent.
618,242,but the menu options were limited.
619,756,I was disappointed with the quality of the food and the slow service.
620,37,The prices were reasonable for the portion sizes and quality of the food.
621,531,The portions were generous and the presentation of the dishes was beautiful.
622,923,but the menu options were limited.
623,231,I would definitely recommend this restaurant to friends and family.
624,378,but the menu options were limited.
625,141,The food was delicious and the service was excellent.
626,226,The ambiance was cozy and inviting
627,118,I was disappointed with the quality of the food and the slow service.
628,586,I would definitely recommend this restaurant to friends and family.
629,120,The staff was friendly and attentive
630,472,I had a wonderful dining experience and will definitely be returning in the future.
631,721,The staff was friendly and attentive
632,320,making for a pleasant dining experience.
633,399,but the prices were a bit high.
634,496,The ambiance was cozy and inviting
635,354,The restaurant had a unique and creative menu that was a refreshing change from the usual options.
636,531,The restaurant had a great atmosphere
637,727,I would definitely recommend this restaurant to friends and family.
638,444,but the prices were a bit high.
639,896,I would definitely recommend this restaurant to friends and family.
640,670,The restaurant had a unique and creative menu that was a refreshing change from the usual options.
641,224,but the prices were a bit high.
642,449,The prices were reasonable for the portion sizes and quality of the food.
643,125,The ambiance was cozy and inviting
644,89,The restaurant had a great atmosphere
645,942,The portions were generous and the presentation of the dishes was beautiful.
646,84,The portions were generous and the presentation of the dishes was beautiful.
647,405,I had a wonderful dining experience and will definitely be returning in the future.
648,699,I was disappointed with the quality of the food and the slow service.
649,311,The ambiance was cozy and inviting
650,981,The portions were generous and the presentation of the dishes was beautiful.
651,690,but the prices were a bit high.
652,88,making for a pleasant dining experience.
653,684,I was disappointed with the quality of the food and the slow service.
654,836,I would definitely recommend this restaurant to friends and family.
655,552,I would definitely recommend this restaurant to friends and family.
656,534,but the prices were a bit high.
657,894,The portions were generous and the presentation of the dishes was beautiful.
658,623,The restaurant had a unique and creative menu that was a refreshing change from the usual options.
659,104,The food was delicious and the service was excellent.
660,583,but the menu options were limited.
661,73,The restaurant had a great atmosphere
662,533,I would definitely recommend this restaurant to friends and family.
663,134,The food was delicious and the service was excellent.
664,135,I had a wonderful dining experience and will definitely be returning in the future.
665,363,The restaurant had a unique and creative menu that was a refreshing change from the usual options.
666,584,The restaurant had a great atmosphere
667,211,but the prices were a bit high.
668,396,The staff was friendly and attentive
669,933,The ambiance was cozy and inviting
670,204,I would definitely recommend this restaurant to friends and family.
671,286,I was disappointed with the quality of the food and the slow service.
672,9,The restaurant had a great atmosphere
673,705,The portions were generous and the presentation of the dishes was beautiful.
674,299,but the prices were a bit high.
675,614,but the menu options were limited.
676,691,The portions were generous and the presentation of the dishes was beautiful.
677,635,I had a wonderful dining experience and will definitely be returning in the future.
678,61,I would definitely recommend this restaurant to friends and family.
679,405,making for a pleasant dining experience.
680,274,The restaurant had a great atmosphere
681,384,The prices were reasonable for the portion sizes and quality of the food.
682,370,I had a wonderful dining experience and will definitely be returning in the future.
683,566,The ambiance was cozy and inviting
684,991,The restaurant had a unique and creative menu that was a refreshing change from the usual options.
685,825,The portions were generous and the presentation of the dishes was beautiful.
686,441,The ambiance was cozy and inviting
687,680,making for a pleasant dining experience.
688,502,The portions were generous and the presentation of the dishes was beautiful.
689,33,The restaurant had a great atmosphere
690,741,The restaurant had a great atmosphere
691,47,I had a wonderful dining experience and will definitely be returning in the future.
692,911,I had a wonderful dining experience and will definitely be returning in the future.
693,665,The ambiance was cozy and inviting
694,750,I had a wonderful dining experience and will definitely be returning in the future.
695,986,I was disappointed with the quality of the food and the slow service.
696,771,The portions were generous and the presentation of the dishes was beautiful.
697,133,The restaurant had a great atmosphere
698,258,The portions were generous and the presentation of the dishes was beautiful.
699,801,The food was delicious and the service was excellent.
700,61,I would definitely recommend this restaurant to friends and family.
701,112,but the prices were a bit high.
702,533,The staff was friendly and attentive
703,26,The portions were generous and the presentation of the dishes was beautiful.
704,498,but the prices were a bit high.
705,55,I would definitely recommend this restaurant to friends and family.
706,426,The prices were reasonable for the portion sizes and quality of the food.
707,358,I would definitely recommend this restaurant to friends and family.
708,497,I was disappointed with the quality of the food and the slow service.
709,968,but the prices were a bit high.
710,505,I had a wonderful dining experience and will definitely be returning in the future.
711,392,but the menu options were limited.
712,423,but the menu options were limited.
713,265,The staff was friendly and attentive
714,403,I was disappointed with the quality of the food and the slow service.
715,770,I had a wonderful dining experience and will definitely be returning in the future.
716,166,The staff was friendly and attentive
717,548,but the prices were a bit high.
718,925,The restaurant had a unique and creative menu that was a refreshing change from the usual options.
719,917,I would definitely recommend this restaurant to friends and family.
720,403,The restaurant had a unique and creative menu that was a refreshing change from the usual options.
721,80,I was disappointed with the quality of the food and the slow service.
722,678,The portions were generous and the presentation of the dishes was beautiful.
723,684,The ambiance was cozy and inviting
724,519,I had a wonderful dining experience and will definitely be returning in the future.
725,232,making for a pleasant dining experience.
726,836,but the menu options were limited.
727,893,The prices were reasonable for the portion sizes and quality of the food.
728,310,I was disappointed with the quality of the food and the slow service.
729,748,The ambiance was cozy and inviting
730,675,The restaurant had a unique and creative menu that was a refreshing change from the usual options.
731,691,The restaurant had a great atmosphere
732,242,The portions were generous and the presentation of the dishes was beautiful.
733,125,The restaurant had a unique and creative menu that was a refreshing change from the usual options.
734,997,but the menu options were limited.
735,38,I was disappointed with the quality of the food and the slow service.
736,752,The portions were generous and the presentation of the dishes was beautiful.
737,322,making for a pleasant dining experience.
738,273,The restaurant had a unique and creative menu that was a refreshing change from the usual options.
739,163,I would definitely recommend this restaurant to friends and family.
740,222,The prices were reasonable for the portion sizes and quality of the food.
741,112,making for a pleasant dining experience.
742,122,making for a pleasant dining experience.
743,367,I would definitely recommend this restaurant to friends and family.
744,535,The restaurant had a unique and creative menu that was a refreshing change from the usual options.
745,582,The ambiance was cozy and inviting
746,657,The restaurant had a great atmosphere
747,152,but the prices were a bit high.
748,16,but the menu options were limited.
749,217,The restaurant had a unique and creative menu that was a refreshing change from the usual options.
750,489,but the menu options were limited.
751,636,The portions were generous and the presentation of the dishes was beautiful.
752,559,but the prices were a bit high.
753,91,The prices were reasonable for the portion sizes and quality of the food.
754,182,The restaurant had a great atmosphere
755,197,The staff was friendly and attentive
756,239,I had a wonderful dining experience and will definitely be returning in the future.
757,490,The ambiance was cozy and inviting
758,774,but the menu options were limited.
759,256,but the menu options were limited.
760,518,I had a wonderful dining experience and will definitely be returning in the future.
761,315,but the menu options were limited.
762,722,I would definitely recommend this restaurant to friends and family.
763,949,The staff was friendly and attentive
764,804,The food was delicious and the service was excellent.
765,317,but the menu options were limited.
766,19,The restaurant had a great atmosphere
767,899,The portions were generous and the presentation of the dishes was beautiful.
768,913,The food was delicious and the service was excellent.
769,936,making for a pleasant dining experience.
770,96,but the menu options were limited.
771,342,but the prices were a bit high.
772,442,but the prices were a bit high.
773,299,I was disappointed with the quality of the food and the slow service.
774,397,The food was delicious and the service was excellent.
775,151,The food was delicious and the service was excellent.
776,974,I would definitely recommend this restaurant to friends and family.
777,179,I was disappointed with the quality of the food and the slow service.
778,87,but the prices were a bit high.
779,622,The prices were reasonable for the portion sizes and quality of the food.
780,193,I was disappointed with the quality of the food and the slow service.
781,763,The prices were reasonable for the portion sizes and quality of the food.
782,893,The food was delicious and the service was excellent.
783,802,I had a wonderful dining experience and will definitely be returning in the future.
784,946,The restaurant had a unique and creative menu that was a refreshing change from the usual options.
785,40,I would definitely recommend this restaurant to friends and family.
786,227,I was disappointed with the quality of the food and the slow service.
787,913,The restaurant had a unique and creative menu that was a refreshing change from the usual options.
788,604,The ambiance was cozy and inviting
789,747,The restaurant had a great atmosphere
790,255,The ambiance was cozy and inviting
791,126,making for a pleasant dining experience.
792,19,The ambiance was cozy and inviting
793,154,The restaurant had a great atmosphere
794,404,making for a pleasant dining experience.
795,246,making for a pleasant dining experience.
796,167,but the menu options were limited.
797,519,The staff was friendly and attentive
798,831,I had a wonderful dining experience and will definitely be returning in the future.
799,468,but the prices were a bit high.
800,276,The restaurant had a unique and creative menu that was a refreshing change from the usual options.
801,85,The restaurant had a great atmosphere
802,753,The ambiance was cozy and inviting
803,71,The prices were reasonable for the portion sizes and quality of the food.
804,106,The food was delicious and the service was excellent.
805,951,but the prices were a bit high.
806,567,making for a pleasant dining experience.
807,726,but the menu options were limited.
808,231,The portions were generous and the presentation of the dishes was beautiful.
809,508,making for a pleasant dining experience.
810,759,making for a pleasant dining experience.
811,191,The portions were generous and the presentation of the dishes was beautiful.
812,201,The restaurant had a great atmosphere
813,525,The portions were generous and the presentation of the dishes was beautiful.
814,589,The ambiance was cozy and inviting
815,740,The restaurant had a great atmosphere
816,758,making for a pleasant dining experience.
817,333,The portions were generous and the presentation of the dishes was beautiful.
818,803,The staff was friendly and attentive
819,193,I would definitely recommend this restaurant to friends and family.
820,153,I would definitely recommend this restaurant to friends and family.
821,734,I would definitely recommend this restaurant to friends and family.
822,681,but the menu options were limited.
823,962,The portions were generous and the presentation of the dishes was beautiful.
824,504,The food was delicious and the service was excellent.
825,3,I would definitely recommend this restaurant to friends and family.
826,272,The restaurant had a unique and creative menu that was a refreshing change from the usual options.
827,684,but the menu options were limited.
828,302,making for a pleasant dining experience.
829,402,The portions were generous and the presentation of the dishes was beautiful.
830,74,I would definitely recommend this restaurant to friends and family.
831,415,The portions were generous and the presentation of the dishes was beautiful.
832,8,I would definitely recommend this restaurant to friends and family.
833,62,The portions were generous and the presentation of the dishes was beautiful.
834,935,The food was delicious and the service was excellent.
835,639,The ambiance was cozy and inviting
836,712,The food was delicious and the service was excellent.
837,766,The ambiance was cozy and inviting
838,545,The food was delicious and the service was excellent.
839,717,The restaurant had a unique and creative menu that was a refreshing change from the usual options.
840,221,The prices were reasonable for the portion sizes and quality of the food.
841,446,The prices were reasonable for the portion sizes and quality of the food.
842,554,The restaurant had a unique and creative menu that was a refreshing change from the usual options.
843,788,but the menu options were limited.
844,446,I would definitely recommend this restaurant to friends and family.
845,470,I was disappointed with the quality of the food and the slow service.
846,903,The ambiance was cozy and inviting
847,668,I was disappointed with the quality of the food and the slow service.
848,896,The ambiance was cozy and inviting
849,758,but the menu options were limited.
850,685,The food was delicious and the service was excellent.
851,298,I was disappointed with the quality of the food and the slow service.
852,174,I had a wonderful dining experience and will definitely be returning in the future.
853,395,The food was delicious and the service was excellent.
854,413,The restaurant had a great atmosphere
855,461,The portions were generous and the presentation of the dishes was beautiful.
856,546,The restaurant had a unique and creative menu that was a refreshing change from the usual options.
857,714,but the menu options were limited.
858,606,but the prices were a bit high.
859,449,making for a pleasant dining experience.
860,229,The ambiance was cozy and inviting
861,854,but the prices were a bit high.
862,931,The restaurant had a great atmosphere
863,734,The portions were generous and the presentation of the dishes was beautiful.
864,688,making for a pleasant dining experience.
865,836,The ambiance was cozy and inviting
866,663,The restaurant had a unique and creative menu that was a refreshing change from the usual options.
867,757,I would definitely recommend this restaurant to friends and family.
868,878,I had a wonderful dining experience and will definitely be returning in the future.
869,497,The prices were reasonable for the portion sizes and quality of the food.
870,365,I was disappointed with the quality of the food and the slow service.
871,726,The portions were generous and the presentation of the dishes was beautiful.
872,533,I had a wonderful dining experience and will definitely be returning in the future.
873,910,I was disappointed with the quality of the food and the slow service.
874,575,but the prices were a bit high.
875,878,The ambiance was cozy and inviting
876,114,but the menu options were limited.
877,208,The portions were generous and the presentation of the dishes was beautiful.
878,519,I had a wonderful dining experience and will definitely be returning in the future.
879,155,The ambiance was cozy and inviting
880,513,I was disappointed with the quality of the food and the slow service.
881,333,The restaurant had a great atmosphere
882,243,I would definitely recommend this restaurant to friends and family.
883,197,I would definitely recommend this restaurant to friends and family.
884,401,The food was delicious and the service was excellent.
885,870,The prices were reasonable for the portion sizes and quality of the food.
886,73,The portions were generous and the presentation of the dishes was beautiful.
887,251,making for a pleasant dining experience.
888,102,The staff was friendly and attentive
889,983,The food was delicious and the service was excellent.
890,948,The prices were reasonable for the portion sizes and quality of the food.
891,945,The staff was friendly and attentive
892,758,The restaurant had a unique and creative menu that was a refreshing change from the usual options.
893,519,but the prices were a bit high.
894,510,The prices were reasonable for the portion sizes and quality of the food.
895,279,but the menu options were limited.
896,680,The prices were reasonable for the portion sizes and quality of the food.
897,625,The portions were generous and the presentation of the dishes was beautiful.
898,383,The staff was friendly and attentive
899,647,I had a wonderful dining experience and will definitely be returning in the future.
900,440,I was disappointed with the quality of the food and the slow service.
901,639,I would definitely recommend this restaurant to friends and family.
902,695,The staff was friendly and attentive
903,658,I was disappointed with the quality of the food and the slow service.
904,635,but the prices were a bit high.
905,769,The food was delicious and the service was excellent.
906,924,The ambiance was cozy and inviting
907,668,The food was delicious and the service was excellent.
908,240,but the menu options were limited.
909,982,The restaurant had a great atmosphere
910,914,The portions were generous and the presentation of the dishes was beautiful.
911,468,but the prices were a bit high.
912,907,I would definitely recommend this restaurant to friends and family.
913,345,making for a pleasant dining experience.
914,507,The restaurant had a great atmosphere
915,282,I would definitely recommend this restaurant to friends and family.
916,142,making for a pleasant dining experience.
917,174,The prices were reasonable for the portion sizes and quality of the food.
918,83,The restaurant had a unique and creative menu that was a refreshing change from the usual options.
919,653,I was disappointed with the quality of the food and the slow service.
920,108,The restaurant had a unique and creative menu that was a refreshing change from the usual options.
921,413,making for a pleasant dining experience.
922,255,I had a wonderful dining experience and will definitely be returning in the future.
923,850,I had a wonderful dining experience and will definitely be returning in the future.
924,990,I was disappointed with the quality of the food and the slow service.
925,73,The restaurant had a great atmosphere
926,757,The food was delicious and the service was excellent.
927,152,The ambiance was cozy and inviting
928,766,making for a pleasant dining experience.
929,561,The restaurant had a unique and creative menu that was a refreshing change from the usual options.
930,940,The restaurant had a unique and creative menu that was a refreshing change from the usual options.
931,836,The restaurant had a unique and creative menu that was a refreshing change from the usual options.
932,589,but the menu options were limited.
933,455,The staff was friendly and attentive
934,432,but the prices were a bit high.
935,668,but the prices were a bit high.
936,294,The ambiance was cozy and inviting
937,435,The ambiance was cozy and inviting
938,914,The ambiance was cozy and inviting
939,660,The prices were reasonable for the portion sizes and quality of the food.
940,28,The restaurant had a unique and creative menu that was a refreshing change from the usual options.
941,833,making for a pleasant dining experience.
942,597,The food was delicious and the service was excellent.
943,215,The restaurant had a unique and creative menu that was a refreshing change from the usual options.
944,123,The ambiance was cozy and inviting
945,476,I was disappointed with the quality of the food and the slow service.
946,643,The restaurant had a great atmosphere
947,115,I was disappointed with the quality of the food and the slow service.
948,225,but the menu options were limited.
949,300,The food was delicious and the service was excellent.
950,69,The prices were reasonable for the portion sizes and quality of the food.
951,455,The ambiance was cozy and inviting
952,330,The restaurant had a unique and creative menu that was a refreshing change from the usual options.
953,782,I would definitely recommend this restaurant to friends and family.
954,99,The portions were generous and the presentation of the dishes was beautiful.
955,764,but the prices were a bit high.
956,592,The restaurant had a great atmosphere
957,721,I had a wonderful dining experience and will definitely be returning in the future.
958,901,The staff was friendly and attentive
959,78,The portions were generous and the presentation of the dishes was beautiful.
960,111,making for a pleasant dining experience.
961,293,making for a pleasant dining experience.
962,153,The restaurant had a great atmosphere
963,677,The restaurant had a unique and creative menu that was a refreshing change from the usual options.
964,617,The ambiance was cozy and inviting
965,559,The prices were reasonable for the portion sizes and quality of the food.
966,359,but the menu options were limited.
967,962,but the menu options were limited.
968,108,The portions were generous and the presentation of the dishes was beautiful.
969,505,The portions were generous and the presentation of the dishes was beautiful.
970,898,The prices were reasonable for the portion sizes and quality of the food.
971,456,I would definitely recommend this restaurant to friends and family.
972,246,I had a wonderful dining experience and will definitely be returning in the future.
973,919,I would definitely recommend this restaurant to friends and family.
974,610,The portions were generous and the presentation of the dishes was beautiful.
975,304,The restaurant had a great atmosphere
976,506,The restaurant had a great atmosphere
977,282,I had a wonderful dining experience and will definitely be returning in the future.
978,722,I would definitely recommend this restaurant to friends and family.
979,886,The restaurant had a great atmosphere
980,42,making for a pleasant dining experience.
981,631,I had a wonderful dining experience and will definitely be returning in the future.
982,776,but the prices were a bit high.
983,312,The ambiance was cozy and inviting
984,718,making for a pleasant dining experience.
985,835,The staff was friendly and attentive
986,447,The staff was friendly and attentive
987,667,The restaurant had a unique and creative menu that was a refreshing change from the usual options.
988,168,but the prices were a bit high.
989,722,The portions were generous and the presentation of the dishes was beautiful.
990,533,I had a wonderful dining experience and will definitely be returning in the future.
991,431,but the menu options were limited.
992,425,I had a wonderful dining experience and will definitely be returning in the future.
993,497,I was disappointed with the quality of the food and the slow service.
994,724,but the prices were a bit high.
995,809,The restaurant had a great atmosphere
996,429,I was disappointed with the quality of the food and the slow service.
997,333,The restaurant had a unique and creative menu that was a refreshing change from the usual options.
998,806,making for a pleasant dining experience.
999,867,making for a pleasant dining experience.
1000,748,The portions were generous and the presentation of the dishes was beautiful.
