id,handle,email,password
1,lmclane0,rivanenkov0@whitehouse.gov,"qX0""%z_Sfn"
2,tjehan1,ablouet1@cargocollective.com,bN3$EH{OT
3,gmushet2,dswinburne2@qq.com,kT1=MG{l*>~
4,hbassick3,sattenbarrow3@smugmug.com,nR4!j{}1MZz+
5,wmanolov4,mlunney4@issuu.com,tS0&'l&S
6,ahansell5,eormshaw5@example.com,jT8?k?gy@47$V8
7,wnelius6,mmoff6@rediff.com,mV3'3%(}ga8/s?Q
8,skerbler7,mmccarron7@berkeley.edu,bU0%c@7_!WKwZh1
9,bmcsperron8,mdeville8@purevolume.com,rF4/mhIx4
10,bmansbridge9,dbetjeman9@cbsnews.com,sE1`.rXtvqH%
11,ajoselevitcha,mkidgella@clickbank.net,pR2{Ms?>of+5y_u
12,asawdyb,rsporgeonb@free.fr,"pB9#K+f\&L0_p,"
13,ystilwellc,cmquhargc@theatlantic.com,fG2.#cE86Q\@x
14,hvansond,bsabathed@issuu.com,"zQ8,I>G@=\I"
15,ilidgertone,ipagnine@is.gd,"iJ6`""7wTA=SYO#"
16,acockinf,jsliddersf@businesswire.com,eM5>l(1_LXU98M
17,qbertieg,amannaghg@gizmodo.com,"cK4,S5X_tItzX*"
18,nbearnsh,pfredah@unesco.org,"iY8!""F9D&Gtj%!"
19,itenanti,scurthoysi@goodreads.com,hJ1+?eFK>~UJky
20,hrowneyj,amylchreestj@i2i.jp,dR8<t1.lPupX!C3Z
21,mcutteridgek,lbolithok@japanpost.jp,cI2.vt5Kt.S{bv%
22,crosel,grohmerl@histats.com,gO7?/qMW_a/
23,bfessierm,jrottgerm@ucla.edu,hS3@K't6
24,cmaaszen,hlefevren@ning.com,yY5`kR5~+F
25,lkalischo,hroloffo@dagondesign.com,rJ4!2XU<Y&4I
26,nchazettep,pdumbrillp@blinklist.com,bE6@v=ETm}0o&3k
27,rmussettq,mubachq@msu.edu,"jX0,nZL""8dCr*3\8"
28,vizkovitzr,fallakerr@canalblog.com,cK8.026P
29,egyppss,lperringtons@simplemachines.org,"mM0,fm1'2"
30,ghefnert,asouthernwoodt@spiegel.de,vF1'Z%<Lhh<g)E?
31,rspadazziu,lstorroru@miitbeian.gov.cn,nY0?RB8oYp?
32,gruggsv,mpendrighv@soup.io,cQ7?7y>0snK6!ht
33,lyuillew,ofullerlovew@sohu.com,"bU0,V&vyq"
34,plinfieldx,sspeedyx@msu.edu,eV4~y#KfIY6
35,ljessely,lbeastony@prweb.com,zA6&T!rC1z2
36,dknealz,sdobererz@google.fr,vL0`qR88+Hi
37,cusborn10,jgarratt10@free.fr,bM8.czk6kNSY)QR}
38,zgarrettson11,jstangoe11@ask.com,"zH6+n}7B96PWt""4/"
39,vcurzon12,mrushmere12@studiopress.com,xZ1=iNbz
40,kclac13,ctarborn13@disqus.com,bY3%.ETO
41,mleborgne14,rrymer14@bing.com,iN2}pKQ2on
42,adethloff15,wmangin15@wikipedia.org,sO6$r3K$
43,pbiggam16,ppershouse16@taobao.com,yC0_F#C$Syl
44,hlippett17,rleving17@naver.com,fO4<iF&wj2<i3
45,rhiorn18,abeddon18@homestead.com,"gY5""doh""q"
46,igress19,skennea19@foxnews.com,zC4//#HTI&
47,bbragge1a,mseater1a@taobao.com,kP7=Vz6@7ww
48,cwoltering1b,ptristram1b@intel.com,xB9>}JHq}?
49,csleaford1c,mgallagher1c@deviantart.com,rT9}aWtX/sWR
50,fcolling1d,lbendley1d@chronoengine.com,oN6\K}we.D5GfDR
51,hscothorn1e,galbers1e@blinklist.com,jU0%Scy)oA
52,mmeads1f,ckiff1f@sakura.ne.jp,zD9?Mw90jZ
53,cvella1g,xisherwood1g@de.vu,gM5|yq!rc<
54,cgidney1h,agaddas1h@xing.com,aS1~aFWBFw(h
55,civantyev1i,sgeraghty1i@archive.org,"iK7$,Pkv|2?D~4j'"
56,cgratrex1j,sserchwell1j@printfriendly.com,qO6(.2MX_8QBHz
57,eboaler1k,tstroban1k@ask.com,tL1(ye4Udrr|
58,gdenyagin1l,avane1l@taobao.com,lE3{`_'FP
59,mrothert1m,dmcaloren1m@bigcartel.com,yT3%>hv`
60,dmadocjones1n,lrichardes1n@canalblog.com,hX4.ys$+*)/o!%
61,eabramovitz1o,tfasse1o@seattletimes.com,mD4/wLdt
62,ecammocke1p,kgandar1p@bing.com,eN2*!qHscdBV
63,pfaccini1q,nwollaston1q@cyberchimps.com,vA7~A)@Z/%Tv'Ik
64,mgoundsy1r,yrollin1r@nymag.com,cG6=QM2\?
65,mnassey1s,bshuxsmith1s@constantcontact.com,lZ4!HXy@4*Hu$Q
66,kthomlinson1t,jbriddle1t@pen.io,"uT3!'iKo!""I&"
67,gkloss1u,rlazell1u@ft.com,zA3$KR9pBC
68,tshilstone1v,mcopper1v@usda.gov,aV4$ydE@HvwBd`v
69,bfitzharris1w,jbraisted1w@examiner.com,gZ8~UHOyx_
70,awhiteway1x,sleighton1x@house.gov,wW1`I=?a{GzC>M
71,jnairy1y,nrashleigh1y@wired.com,wG2\Y>C>=6<qke+8
72,lscuse1z,atakis1z@java.com,qG7*T0hx/A+/2*g
73,sdellit20,rdowning20@seesaa.net,wN6_S$f\
74,skristoffersson21,csyms21@furl.net,fJ7/w#L7
75,dhelin22,tcrennan22@github.io,kE4*~/'2&Z
76,vabel23,sshallo23@cbslocal.com,tC9|_%I1
77,dkezor24,wedgler24@taobao.com,kE0{)#MX
78,mbanham25,wdominichetti25@amazon.com,fG8}8UiFRz
79,kwithull26,schessill26@phpbb.com,mS6>C(l`Z.z2v9o)
80,hconkay27,bchismon27@trellian.com,cF1~')esCQ?(3d
81,eelwell28,ccargenven28@mit.edu,tY9|qUs<
82,lcatherick29,ckubatsch29@mayoclinic.com,aC2=4@m+|Kki
83,mestrella2a,akirwin2a@canalblog.com,lX7\`S\<>&P+(gH
84,rolohan2b,ogibbetts2b@businesswire.com,nZ4|YGF9
85,cpetett2c,bstenson2c@globo.com,uB6`y`AYV
86,tmcdunlevy2d,apeggrem2d@marketwatch.com,xL1=Hwb1H
87,spendle2e,zcerie2e@latimes.com,vA0$`&nM$~0
88,mcrocker2f,cbarnhart2f@washingtonpost.com,tG3&J%=b0`y
89,rruffell2g,bbuche2g@youtube.com,eC7~uT1p?00'mk{
90,nstollard2h,epyser2h@odnoklassniki.ru,yR6|tAn_y
91,egioan2i,nphilot2i@google.com.br,bE3`_?4X4|'e
92,bdellenbrook2j,hcawley2j@phpbb.com,"wB6?+""Ch"
93,jambroz2k,jhedgeman2k@youku.com,cK4=5BH%p5~iJ4$
94,jbockh2l,pmackin2l@buzzfeed.com,rK3!P42_f
95,liddons2m,ktrainer2m@dagondesign.com,"pM4&sRb`h""L,"
96,cfinlay2n,ashipman2n@goodreads.com,dC0.Ico~|GZ0la
97,fspilsburie2o,sgeorgiades2o@buzzfeed.com,vV5.mrXyE4k>C$W
98,rmacaulay2p,wcarse2p@photobucket.com,kK8#'4o6/sz<4E2
99,cleuren2q,cwetter2q@networksolutions.com,"sE5,gQx~5=Jr"
100,coxton2r,edudman2r@qq.com,bK3`mBqw#H
101,zrhys2s,ekender2s@washington.edu,vP7?2I}2`
102,nthon2t,aclendennen2t@privacy.gov.au,nY2$469HUF
103,wscoterbosh2u,weneas2u@scientificamerican.com,"gA0""n\'Feky|"
104,ejordin2v,msolomonides2v@weebly.com,eB3}nVWKQ
105,mcasiero2w,apollicott2w@vimeo.com,aH0&YV8)
106,mobeney2x,rmackleden2x@google.co.uk,tK2&ymr~L@3c
107,abony2y,gbouskill2y@google.it,dP8+IB(&F3&
108,hlinnell2z,aduthie2z@sohu.com,fD7#xT96k
109,aspoure30,wtilston30@cpanel.net,"wW4""L{1="
110,jmoncreiffe31,lbraisby31@merriam-webster.com,pZ4!QIq03a+
111,sflancinbaum32,noliva32@livejournal.com,nB7`XdTPKGI(.n
112,rridpath33,tandrioni33@amazonaws.com,uB0/)@R\dQC$
113,cjickells34,jclayden34@engadget.com,dE0>8#wDkGeWew
114,roswick35,ekendal35@ed.gov,"qP0""m<@6"
115,tbruton36,drowesby36@liveinternet.ru,"xX0?,b_>Pi"
116,vdeble37,pgalletley37@webmd.com,fG1>8gkkO>v6
117,vcabbell38,lcrolly38@artisteer.com,fO5/>k8f
118,ewhitelaw39,lmacafee39@globo.com,uC8!JZvn\D'
119,gpiggot3a,ijaxon3a@foxnews.com,sB0/e88ua8$
120,erapley3b,adukes3b@infoseek.co.jp,hD8!+47v
121,mryall3c,mkivelhan3c@booking.com,qF9%i#y|eixc1`
122,lglaum3d,rnatwick3d@cyberchimps.com,wW5~>5C1jpjVqv
123,mlightbody3e,dcorkan3e@topsy.com,rQ4&`J6dH0E
124,vshimony3f,kmelville3f@desdev.cn,eN2%C&o@\d
125,hlambole3g,mcrate3g@fastcompany.com,pF6#Ah15opFN
126,adillintone3h,sgodilington3h@surveymonkey.com,kQ1_T%Zf`
127,nruddle3i,amarlin3i@hatena.ne.jp,tF9%5C.ba
128,rmason3j,cbengall3j@independent.co.uk,oJ1`d`'cv?
129,cfenne3k,etiffin3k@php.net,fX0=j)!5/fPyvqV
130,amapston3l,gmcgibbon3l@utexas.edu,"rM0""Y0{)W2<t\u"
131,kzmitrichenko3m,ebeadnall3m@infoseek.co.jp,sX6'b!uj5q(8
132,sdawidowitsch3n,tgeraldi3n@pcworld.com,yB0@(4b5Mya0
133,phaslegrave3o,tgeany3o@nba.com,"oW2=OvD7_KO,%O"
134,kcanellas3p,oorourke3p@infoseek.co.jp,mM4(xLkVbL}
135,cbarwell3q,psandom3q@arstechnica.com,nU0`MDpBbzMsJOIv
136,jpresshaugh3r,vpenkman3r@bloglines.com,aQ4.@i!Hrj13@
137,tblunsen3s,gedmonstone3s@biglobe.ne.jp,zG0.{bp3S1r
138,ttattershall3t,hstrothers3t@bloomberg.com,eI5?T&&M<CQuHX6d
139,corudden3u,tbenam3u@state.tx.us,aM2`bMtCV~qiwIe
140,apedrick3v,haddionisio3v@examiner.com,dQ7!Q(Rpjr'fTy
141,cdonnan3w,ahasty3w@shop-pro.jp,zE0.xgAGor~@9y
142,gthebes3x,bgunby3x@apple.com,lZ8_OvrJBz)h}
143,gtinker3y,nretchford3y@booking.com,nR1#(>v_)Ft45q
144,obickerstaff3z,smcgillivray3z@naver.com,jK7&0cya6~&TeH/e
145,roldmeadow40,dmccolm40@rediff.com,xB1|!2BRs
146,gpipping41,whebson41@vistaprint.com,yT0_mU}zWU3g0
147,gsudell42,jantonio42@cyberchimps.com,kO1}'I2N`
148,rburgis43,sfilipczynski43@admin.ch,lL1~a}*m~
149,broll44,cfenny44@google.it,oD4.&yi\
150,mtolcharde45,jbortolini45@tiny.cc,vG3_IX*&_
151,esutherland46,bmathiassen46@auda.org.au,dR8$195oWZyo+>
152,srainbow47,dprene47@technorati.com,"fZ1)I`{O@`,k!"
153,eslee48,bbartle48@economist.com,fG1?r0'R#Q
154,chorburgh49,mtebbs49@a8.net,fP0.}aWgKB(
155,jchatres4a,cadhams4a@bbb.org,eP0#DR)Ynn6{U&
156,dbadsey4b,apatrone4b@springer.com,pC2|91fLpw=0M}
157,jleon4c,fnielson4c@prnewswire.com,pE8)E4.(
158,wkornyshev4d,rshortall4d@answers.com,mK0\*5n525e@
159,aballham4e,sprester4e@hibu.com,"xK2!t82&k0%Gl,`_"
160,kchaim4f,seasterbrook4f@state.tx.us,"sJ3%!U*|""@ue""3"
161,tstellman4g,csaward4g@networksolutions.com,bG3&hu)zi
162,cpluvier4h,mparratt4h@hud.gov,mE3>9c_4
163,ctreasaden4i,rhuerta4i@flickr.com,"jN6*tZX""x5&"
164,rbayley4j,hokelly4j@indiegogo.com,aJ3|'zHk#\?jpWKX
165,mhusk4k,emackin4k@yahoo.com,kM1)3HD~a|1Ra=$
166,schanner4l,estrathe4l@wordpress.com,"rY8""q|3HhU}"
167,alonsbrough4m,hlauks4m@hugedomains.com,"iR2""FA6/+}P@hKR3"
168,wrylands4n,fcanete4n@tuttocitta.it,"xC6,4zd7"
169,adaffey4o,ffilippozzi4o@addtoany.com,cW5}J11Q<tTd7F9z
170,sbleue4p,dbrassill4p@de.vu,zY6%)3XXUcy=?Vk
171,csybe4q,rbraine4q@multiply.com,tY2'6Ksm<p3p
172,fbunten4r,crymill4r@baidu.com,"cK2/|76N3zr"""
173,glockart4s,cashwell4s@smh.com.au,iP5`VjST
174,nchape4t,cmayow4t@imgur.com,nU4@!O9jhqwk%n
175,cwebben4u,mmaciaszek4u@cnet.com,"tN7&""$O4i$+e@"
176,bcreelman4v,wklemke4v@dropbox.com,nE2'>G/6AtRhrMR
177,mlumsdale4w,agoter4w@mapquest.com,bO7{>OZq
178,abeardwood4x,tsawter4x@tumblr.com,fX9%9Qir
179,ggreystock4y,dkidstoun4y@rambler.ru,nN9#B1VbIRYb*
180,kmccobb4z,ephilliskirk4z@reverbnation.com,fC3'|F1KfCUygW
181,gtottie50,nlequeux50@t.co,hE8>kwz79
182,ojuggins51,sdewing51@yandex.ru,iF7\Y?KUreo7CI0
183,aheninghem52,csyratt52@bravesites.com,hQ4.2Lpz}P_
184,mbalsom53,nwrettum53@google.com,dN3{H3Y!hKku=x*
185,cmcneish54,dlumsdale54@webs.com,cQ8~=w}T
186,cswatten55,nbowlas55@xinhuanet.com,"uN5`b8*a,sk=}6"
187,epeachman56,pembleton56@storify.com,"dT5!""x<WNWs})f{"
188,acalifornia57,bflockhart57@arstechnica.com,rJ1.AU{q).vzy
189,krumble58,dbevar58@answers.com,xO6$~03nsw!7*)Jt
190,lbillyeald59,gespadas59@opera.com,"jX7~z\ii/e0%l,5+"
191,abummfrey5a,cgilbride5a@hatena.ne.jp,eV7|%sV$
192,adicty5b,jarcase5b@mit.edu,eZ3%Deb7>K=>|iR
193,smeakes5c,iratnege5c@so-net.ne.jp,qA5)%6\/5uZ
194,fdrake5d,ggover5d@t.co,xK5}PRB\&f
195,dvaleri5e,asaltsberger5e@abc.net.au,eP9)Q'vQHbG
196,mblaxall5f,cmackay5f@amazon.de,jM6}!a$O
197,mhague5g,tmaliphant5g@techcrunch.com,aX6>VZaHPw
198,cbea5h,kmacneish5h@xing.com,wG6`OwAkf
199,jdumingos5i,bludl5i@uiuc.edu,wZ8&@1a)37e
200,apetschelt5j,hkiggel5j@wufoo.com,lF1~xXVhH}E&
201,kneward5k,uchatin5k@hud.gov,rK9+$p7y&N(iW?Y
202,selcocks5l,kchese5l@blogspot.com,"qG9_.,iEr\"
203,avancastele5m,eschuelcke5m@ox.ac.uk,qE5?c>5_+@H)k
204,gvertey5n,sgerritsma5n@washington.edu,iP9(U#tz~
205,aplayer5o,adufer5o@oracle.com,pQ9=U4Sp6?
206,pbrownlee5p,smaraga5p@liveinternet.ru,"kP0=.5fR,'}c"
207,mnuemann5q,mcommins5q@google.ru,"kP7/m.S,CL=+"
208,lcrocetti5r,logers5r@moonfruit.com,"kY7""@})AQ\"
209,scoopper5s,lpaget5s@usda.gov,"tN7%e@""vb\C`w"
210,jsproul5t,rdoggerell5t@biglobe.ne.jp,bH0*ULaFnGfWcam!
211,cgiacobini5u,wbrusle5u@eventbrite.com,nF3'mZ+NcOA
212,wperigeaux5v,roneal5v@posterous.com,gC7@1ui)
213,jpechold5w,psone5w@ibm.com,vL2\H_|n%`<
214,tbeaney5x,omilksop5x@ustream.tv,xO2'KZj@Sw6JwRx
215,praggles5y,showett5y@mac.com,vF8'Af~/Ur
216,rlere5z,mandreoletti5z@google.de,"mE7_2m=4"""
217,ftournay60,eduff60@who.int,mU0_BO60hVz`
218,fcauser61,makram61@usa.gov,zQ1%!6J0yn)
219,avicarey62,nolijve62@squarespace.com,aB9~@8bJ`)wI1>'G
220,oswire63,mtoffaloni63@cloudflare.com,"fG8,'%'6VvZI"
221,edescroix64,clambie64@nps.gov,xH4!}oCWBgv>eW
222,jleguay65,satherton65@blogspot.com,"oX8,zoi%`."
223,igilchrist66,flossman66@google.pl,sZ1.20=RZ+t*}
224,selbourne67,rtingley67@privacy.gov.au,wA2<a}AT7)5}r0YA
225,rharlock68,ikarlolak68@loc.gov,uX2!3}jJ*
226,smoyler69,eforgie69@sphinn.com,"xT3,0+.mUrV&<${"
227,eheddon6a,acornew6a@feedburner.com,vM9>8v\_Du8
228,jwingar6b,lsherreard6b@mozilla.org,pL9+K)tn
229,kmacconaghy6c,fkilgannon6c@newyorker.com,"wK4)BvI""{<Ds@"
230,aconfort6d,nlonghurst6d@pcworld.com,"yG1,d6iWK"
231,pdomotor6e,rfaircliffe6e@psu.edu,jP5\I5j~m'6r
232,rhawley6f,dreame6f@nsw.gov.au,"lE2<k}DL,2"
233,bbourke6g,jgerson6g@google.co.jp,uO8}Q$eA%dd19n
234,ereadshaw6h,jheis6h@uol.com.br,eI7}f%Xdl=}9
235,grule6i,cpriestley6i@yellowpages.com,eW6~o_Fn9d
236,dbrothers6j,nfleet6j@unesco.org,sL9~yTsAzBp
237,phillburn6k,rbisatt6k@godaddy.com,zU8/X~hovSp
238,tshepcutt6l,sgotecliffe6l@list-manage.com,sB3+akAol#'?=<I}
239,hbrugman6m,wlambdon6m@unesco.org,xH1(bETUC|hCZi
240,wsudron6n,gsausman6n@sitemeter.com,qX6!53\6nphr
241,dharbottle6o,vstocky6o@nydailynews.com,aP5}K0y2Xag
242,dkhilkov6p,twillowby6p@ihg.com,tB1@cGt}OMP
243,emurrigans6q,jpettigree6q@indiegogo.com,"sL2),yCXS/%"
244,rbaldocci6r,ssivewright6r@is.gd,cH3<etg}R./!n
245,lphythian6s,lstert6s@about.me,"fB3}HW,FC"
246,bpunter6t,fhurley6t@domainmarket.com,iH2=r+zh&%
247,rjeratt6u,dmarques6u@cnbc.com,yZ7/>FrFB
248,ajedrzejewski6v,psaveall6v@networkadvertising.org,iN0!`J4OfM
249,msachno6w,dflewin6w@devhub.com,mD8}F&+C
250,jpigney6x,ktrinkwon6x@newyorker.com,lB2%Z'yi2kk
251,mtorresi6y,tellaman6y@wordpress.com,xS8!5bWCq|}Rm
252,bpinckney6z,sfacher6z@tamu.edu,mC6{1&X&4w>!TsT
253,bfrid70,parnason70@sphinn.com,iC3!?#67~4|hZU+$
254,avandijk71,pgossipin71@admin.ch,yH7<t?AxQU
255,lweston72,ldoy72@mlb.com,hB0+`15Gn*n
256,tkroin73,alashford73@ehow.com,sJ8~PAA*w
257,bpealing74,whuie74@barnesandnoble.com,"cX6""vO'V810.2e"
258,btomasini75,apollastrino75@dagondesign.com,eV4>ks!x
259,jgerson76,jwetwood76@usnews.com,"zU8,{i6q(OLKDHA"
260,fshankle77,cmchenry77@europa.eu,hK4#nc(adyLi'
261,gaird78,fcressey78@google.co.uk,gA8!.u++=3
262,esimoneau79,cyounge79@tinyurl.com,xT7=Fa'Q
263,cpatroni7a,clanham7a@imageshack.us,xM5.V(q(7=\\9Yu
264,dkauschke7b,scroal7b@google.nl,vT5<\f<`8'bV
265,sjorczyk7c,estedall7c@360.cn,jL7/4ak/
266,ctousey7d,lshovelin7d@lulu.com,bL2.hY9Phvn@6
267,efaraday7e,khartshorne7e@bluehost.com,"sA3/k(a#,ZpU_p"""
268,abarns7f,esheals7f@prlog.org,qP7{B+cZ}1DS
269,dklainman7g,hlabastida7g@etsy.com,jO1=Gi}N7
270,rcornehl7h,ashepard7h@studiopress.com,bZ9{8.7Z
271,dmeharry7i,gsjollema7i@cdc.gov,"cT7<,Pz3EuZkd"
272,jbougen7j,pjohananov7j@hubpages.com,"rC4`8D<c9,?8U"
273,sshoesmith7k,cfaulkner7k@constantcontact.com,uT1@62J@RJ*D=
274,mhusbands7l,cbusch7l@delicious.com,nF8}<Yu~7oHO
275,kleetham7m,gwarder7m@photobucket.com,"pY3~(=(ZrMg,Gq2c"
276,ekasting7n,unewlands7n@typepad.com,uX9|q2wDj9@f
277,hgerrens7o,areddington7o@spotify.com,uZ1)}|va
278,hmeuse7p,dreggio7p@slideshare.net,"dB2!oNpi,jr9}\Y7"
279,ddulanty7q,nsyne7q@freewebs.com,"eG3/>q5""SzBz"
280,tlambie7r,dclemmitt7r@europa.eu,"cJ4,EO@L"
281,mzorzutti7s,hakroyd7s@npr.org,qE2!xAu~
282,rbore7t,tnother7t@cornell.edu,iN8*3S@%_n{OSvi!
283,dhanbridge7u,holeszcuk7u@seattletimes.com,nX5_prT0fd
284,fhuntly7v,rcollingdon7v@youtu.be,bO4>+8y22n2
285,rkensett7w,mrishbrook7w@fastcompany.com,gQ6)As2%V1n#
286,dshakelady7x,gverzey7x@nytimes.com,nK7_Zbd2#6P
287,lghest7y,foscully7y@123-reg.co.uk,lX5/gM~d65R
288,cquin7z,sraeside7z@merriam-webster.com,"pL3""Wz20NunK+#s"
289,ckryska80,aogleasane80@ocn.ne.jp,"dP7,$V5ZZcM""1>'b"
290,tskryne81,ctroyes81@amazonaws.com,"uM9""\nI|W$V7`"
291,glocket82,rbrundell82@sciencedirect.com,jE0<n3&!ehGr
292,tlefeaver83,ebrigginshaw83@squarespace.com,"aO7?.T_6f},Olza"
293,fpetroselli84,ufyndon84@fotki.com,iY9`Zo+r')<s>B
294,apudsey85,edearth85@php.net,uB6/tG=%Y
295,kbrymner86,hcapelle86@si.edu,"bL2,g<Wi<|R&"
296,idumini87,switard87@usnews.com,lT6)#B?+
297,cnagle88,lglasgow88@berkeley.edu,dR3@M.oe|
298,seastmond89,rcarrell89@lulu.com,xV8!}NYNvH#
299,cpaolo8a,jwinfindine8a@squidoo.com,kA1=!\q2nK
300,mwellwood8b,gdionsetti8b@umich.edu,eX6$j}5E(5<#m
301,amogridge8c,vtuffs8c@alibaba.com,sU4~>EA+K{pV'@t
302,dliddyard8d,gdampney8d@home.pl,fO1}H5Atu%v
303,tjaves8e,mhingeley8e@va.gov,dA3?R!.7{*
304,rmillions8f,fchmarny8f@cmu.edu,gC4{A\7aMvr!
305,tnuth8g,hreubens8g@mashable.com,rF6!pNf9~M
306,hroder8h,clafayette8h@elpais.com,hI6@.9s@
307,cstartin8i,vthewys8i@ovh.net,sW9+vPhLSW\(m
308,mgergus8j,lmclagan8j@tinypic.com,iF3_v@IdC??
309,tmilleton8k,ktorrese8k@rediff.com,"tK8%#""EGC!Sx"
310,esamwell8l,afrowd8l@bigcartel.com,hM2$3bLrAa
311,rhennemann8m,mpucknell8m@imgur.com,fU7($A3Sg}
312,mrawlinson8n,mrylett8n@histats.com,aB5/{sAOXQdom<
313,zwhelband8o,jchatelet8o@ebay.com,mD5<BWmCdu
314,rmaylard8p,aellicombe8p@hostgator.com,iE5){PD8<heBu
315,sridgedell8q,btapsfield8q@vimeo.com,dA2`E3yk
316,tmont8r,vnormavell8r@arizona.edu,"qD8>jMI@k`""9o7XN"
317,jbignell8s,mballoch8s@booking.com,yM3``@w8d\v$H}i
318,gnorville8t,toflaverty8t@fema.gov,hO7&I}Scg
319,rwrout8u,mfaulks8u@blog.com,"hQ1.b,#6asg#X"
320,lyes8v,jipsly8v@ca.gov,jL8'bDBfx#
321,dmillins8w,fpobjay8w@nsw.gov.au,fF0~zaJkQC|>
322,cmathewson8x,gparnell8x@spiegel.de,"zX6&""'""Sc"
323,dedgerly8y,mdonke8y@wufoo.com,"oU1#\|TD""xSrb_"
324,rayton8z,bsilcox8z@shareasale.com,vD8?X%639
325,sdussy90,vcaulder90@europa.eu,hB5(<}V`
326,deverall91,arushman91@ning.com,kG0#5.DpJ`Cu
327,kbengal92,jmeigh92@eepurl.com,yP1)}{*Bl9}
328,bkaming93,mtredwell93@mozilla.org,"tB3_27u`d,""2i7"
329,wphin94,estorrs94@nasa.gov,"iS6'EPL4b1Ywi""D"
330,ilafayette95,fquelch95@adobe.com,iE0?$PEreG|zJb
331,maspital96,nagglione96@surveymonkey.com,zT5~)kParvH*
332,cruppel97,lmanthroppe97@ox.ac.uk,eD7\Q%qSJjv
333,mdebrick98,mlelande98@eventbrite.com,fL9%+bg4z
334,eraddenbury99,rvonasek99@yale.edu,jO4%<H9/hYw\pj
335,ptour9a,bsiney9a@miitbeian.gov.cn,vL1\lfJ'vm4Y%
336,ameads9b,sfullalove9b@bing.com,"xZ3@0mk,Ty0}2"
337,lhedde9c,acoie9c@netvibes.com,iW2*KATS*Ob?V5
338,rmclugish9d,rmaseyk9d@uiuc.edu,lO5%'B|GwD9
339,ccasburn9e,ddelacoste9e@abc.net.au,wA4.!rN<RD0k%6`K
340,ggilbee9f,hdullaghan9f@state.gov,"gZ0,,E.d+/z6ech&"
341,csanney9g,nlikely9g@meetup.com,oC5)9RyiOF1b=#&Q
342,gharner9h,tfreshwater9h@last.fm,mB2}O1M`6xI'rHh{
343,gjanzen9i,dlefridge9i@uiuc.edu,"xG6|/Sfx"",i=w$hg"
344,vmacavddy9j,cfundell9j@utexas.edu,bG2=|5P@K<e
345,bgrocock9k,ewiffill9k@woothemes.com,oG6!Y)cA>
346,ralwen9l,scosby9l@narod.ru,dT6@no=Nl'}&'
347,bmattys9m,cmottini9m@1und1.de,xI6?3AAhChbF1@b
348,nmetherell9n,csterricks9n@sohu.com,zO2<X\K=!
349,nbewfield9o,ykillock9o@usda.gov,"wV9""+zN+`GnSdW/'"
350,oharnetty9p,esymcoxe9p@kickstarter.com,"aD6,AF3aivfHrp_!"
351,wyielding9q,smacscherie9q@timesonline.co.uk,lA8.xZyazI_?D2V
352,ddadge9r,dbiddulph9r@twitpic.com,"rI8,Uw/b$%DN+D2g"
353,wkuschek9s,dbeven9s@taobao.com,"nH6|\nmH#d""g=`Tv"
354,jmcdonnell9t,mhelix9t@nytimes.com,"wL3,y4eEk"
355,wmacgaughie9u,cbarthelmes9u@nhs.uk,fW8@`UY1wVs_!zC6
356,afontelles9v,rsilverwood9v@globo.com,oW8$m19hlMpCo7n
357,ssainter9w,ayeowell9w@chicagotribune.com,iA6*w)&97
358,mvalentine9x,lchamp9x@angelfire.com,kG5%41>3_M|m
359,mvassbender9y,tdewbury9y@etsy.com,"dS8(DL(""}K5d!"
360,abeardwell9z,maronowitz9z@blogtalkradio.com,gK0_reblGZ6Q&
361,cloobya0,dnotoa0@t-online.de,"gW4>t~<\,sB{3_i"
362,tivashova1,lblinckhornea1@sfgate.com,wZ1_V3?PWm)Wo
363,tmcfadea2,abrimminga2@earthlink.net,bG7*WOTk9!wD@5#
364,tbolmanna3,hspraggea3@usatoday.com,lG9}WbK}bTA9
365,cbuttericka4,sglenwrighta4@japanpost.jp,dQ9?|3(nk
366,rlandera5,mlinea5@hibu.com,pP3~q`&.{K5`wS/
367,fsaurata6,oswinna6@ocn.ne.jp,uE2(a?C9+52
368,graecrofta7,kgreguolia7@jigsy.com,uW7?kJrta*#
369,cbellowa8,lplayfoota8@whitehouse.gov,fZ3%ps/5C@I
370,lcindereya9,sspellesya9@oakley.com,iV0@{Y_VNwH&q
371,smontacuteaa,ghalltaa@networkadvertising.org,eK6#`9T50$D}
372,jborgneab,dloadwickab@multiply.com,jA6&HT!K?o(aAPD
373,bwithurac,bofogartyac@smugmug.com,"zD4=$OS!,6"
374,rbeaad,trushfordad@google.com.hk,oQ9'}Lg(
375,erobotthamae,jmellae@ftc.gov,qD1|yR|2
376,ahargessaf,mbartoszewiczaf@mozilla.org,vY0}R$RX\
377,pditchag,rgilliatag@bluehost.com,wJ3'`3lN
378,cbutah,hpennellsah@phoca.cz,wA6|r(vQ.F}fZ*LM
379,mduntonai,fdeblingai@people.com.cn,iZ9~77r4F9
380,wandrzejowskiaj,tgiacobilloaj@newyorker.com,pI1=+xyKaDsrm447
381,efonsoak,rcolamak@buzzfeed.com,"hY9,4}FU6#gThpc"
382,enashal,efalckal@newsvine.com,hL9/myal?L9Dj/
383,gperrisam,morredam@google.com.br,vM3%_d@jKnCq
384,mjancsoan,abernadean@prnewswire.com,mQ5%H.5%n24s
385,kstoditao,gchappellao@independent.co.uk,sS0%HwW4M2b0S
386,sbolithoap,cleflemingap@about.com,"tL7~0J4p,{GI"
387,dstrandaq,soruddenaq@multiply.com,jX7$b*vZXB7'4
388,cgabbitisar,dcommonar@slashdot.org,iA0`Y$VHJ
389,cmapleas,wtonksas@accuweather.com,kO9?brV/2{7grS
390,ekayneat,ovasyunichevat@blinklist.com,kT2=SF}meosmri
391,gcheethamau,dedwinau@netscape.com,pA7\WE8B9m#
392,agartellav,jbishav@arstechnica.com,wE5$AAq#|%rqUh
393,iabrahmeraw,kfurberaw@nymag.com,eL3#RanMShYc
394,casquithax,fbardnamax@odnoklassniki.ru,bO8{.v'O$?Y+z
395,ubrumenay,cibotsonay@topsy.com,oG7*utl0Rng*t4&
396,agallaheraz,cpietrowiczaz@google.cn,"sY1""JmYt4b+5'?I"
397,kstakerb0,aportmanb0@latimes.com,"oP2{1Tr,"
398,lgreastyb1,abacupb1@indiatimes.com,wX7$<&*XLe6U>+g
399,abortoluttib2,zszachb2@psu.edu,"lH4""ofnp%*A0#5"
400,gveiversb3,tmcvroneb3@si.edu,hX8#Hs>auo%SS
401,ndessentb4,lludwikiewiczb4@businesswire.com,"eN4{x3h""sZ"
402,rpundb5,tbrameltb5@blogtalkradio.com,"mD6,8yBE#+LZ"
403,jsnipeb6,akollachb6@meetup.com,dK4@vI&A${<mdi
404,rtinlineb7,sbeallb7@histats.com,nO6%`qkus8m=N
405,mveillardb8,rtroutb8@liveinternet.ru,eB2*=+pY>61W2
406,dkalischb9,akempshallb9@ask.com,"aD6)5""AB"
407,tsimcoeba,aallibandba@wunderground.com,"dT0""vs$rW`JOL"
408,cboamebb,mlesliebb@cnn.com,dF4#{~&/<
409,lbayfordbc,blaterzabc@last.fm,pA9`nvofB
410,ljeandilloubd,tlearnedbd@ftc.gov,qL2%ccm5=~yY{
411,mburvillbe,aroseboroughbe@latimes.com,oE8~o#PV4n{CHQoJ
412,dlillicropbf,tdaintithbf@bandcamp.com,yV0`QnxpP
413,rlightwoodbg,rkleinerbg@wufoo.com,tR0(4+b|V
414,sstranaghanbh,ctollebh@walmart.com,"lN3""K\bKg"
415,iroxbeebi,hlacostebi@edublogs.org,tT2/J}IcbdjE
416,bcomettobj,dkediebj@skyrock.com,"nM1!$.90O}Yc1""S"
417,tturmallbk,haaronsohnbk@wired.com,vA0@Lv?*O
418,mbrittlebl,hgrosierbl@newyorker.com,kJ3.5JV)+3c0)
419,ifolshombm,mjeannotbm@hexun.com,tK4!*$FscR
420,pcheccibn,rcarlylebn@blogspot.com,"wQ8+W""`gWEy8"
421,nstanyonbo,drosendorfbo@sogou.com,"xZ5@u,xAzfL8G')"
422,jtebbettbp,ieichelerbp@surveymonkey.com,hK4<Xeaz*)7PKZTG
423,ccattrollbq,cemanuelovbq@joomla.org,aQ0$H~6t6o2<e2
424,eridlerbr,hmackellerbr@tmall.com,tM2@IuCXEzMzvD(
425,gtinnbs,mstilwellbs@hc360.com,bO7.nN\=8m\cC~Z
426,qstubbinsbt,ashillingtonbt@stumbleupon.com,"zI6<ae@k)RIq!""F"
427,dtattersbu,dsiredbu@bluehost.com,pG4{@M_hvNO*m
428,ledgcombebv,tbatchanbv@msu.edu,sM1_|*YvYF@x
429,mranscombbw,sferrarabw@marriott.com,"kL8'W*""M#q\ufdh"
430,ltroutbeckbx,lbachmanbx@pbs.org,fD9#pxcr
431,cdavydkovby,fferrulliby@howstuffworks.com,mJ3%Vx(o+b
432,fsherebz,dmaynellbz@canalblog.com,qX1@HNToOj`
433,udawberc0,flowensohnc0@cbc.ca,lL1?SD.@R`O
434,tdahlbomc1,dsaddlerc1@scientificamerican.com,dD6#}O\%uu37v{c
435,awittletonc2,fconstantc2@engadget.com,"bY0,=%L2*)+24"
436,yschuttec3,biremongerc3@google.ru,bO4.#e@B|$$weh%N
437,tpurkessc4,hpashenc4@flavors.me,aT2\bEyUKrUU|(0
438,cgargettc5,emacdonaldc5@1und1.de,uV6{bW%\ae%tY
439,sbarberc6,tradloffc6@prweb.com,qH0(vPqAuPDdO9
440,agrassettc7,areamc7@digg.com,uF9%%=?F_
441,jbellamc8,adumperc8@digg.com,"wY6""o9""Yhzm"
442,ltodaroc9,msebrightc9@zdnet.com,zL0%Sfr9mTK@
443,gbaskerfieldca,lmcgrayleca@deliciousdays.com,bR7#y95I<F
444,dsteggalscb,sgollycb@walmart.com,fJ4~1c(BcWiyE
445,qwellumcc,mkrolmancc@instagram.com,dQ1|~5Ejyp_
446,gcrootecd,clawriecd@oaic.gov.au,oJ3~t_p?5cosPY|
447,cpeoplesce,nantosikce@google.pl,dW7'N?synOg>
448,krodrigocf,dwhitsuncf@alexa.com,xO3?f5xrBW8XS4P'
449,mhakkingcg,abaackcg@php.net,bE9#geVxa0
450,pbuntench,pcardinalech@apache.org,lG5&tJ_v
451,mzelakeci,lmatushevitzci@liveinternet.ru,jJ9)2W|/*
452,pboustredcj,czannutticj@drupal.org,bW6\aGapJ
453,cshephardck,ndoucheck@tripadvisor.com,eK0_Vmik28O`(
454,svautercl,mskedgecl@sohu.com,cB3\_eT=gc_4
455,emartinetscm,gabrahamiancm@discuz.net,tI4&&`hv09Z
456,ttrowillcn,jdeavincn@sogou.com,"uQ6\Q.fU6/'u,"
457,nganterco,bmasterco@yahoo.co.jp,hB6\'kv+
458,mdenescp,lweildcp@marketwatch.com,"fG2'N""mZMMmo"
459,dlathomcq,agaynescq@rediff.com,"sT3$<o1""P?K"
460,kkarpenyacr,abrahancr@tumblr.com,kA2%`OM5u'RMM
461,sphillpscs,ghuguevillecs@prnewswire.com,xC3|{0o&W
462,rmenchentonct,carnaudinct@tiny.cc,tM0!(*3JdK
463,fborrillcu,kabrashkincu@flickr.com,"mH1~<,MA/""Ma\!Gi"
464,bdarwentcv,abrazcv@cocolog-nifty.com,pH5'M\geWO%B3@
465,adomelawcw,ccorrettcw@soundcloud.com,bB5)qhqq.{&
466,dspriggincx,cprobertcx@hatena.ne.jp,qL1*H(I{l@
467,fulyattcy,raphalecy@rambler.ru,hW3$W\L)|zM&HWR
468,ghalliwellcz,clefeavercz@ocn.ne.jp,"vR9,>1|/k@c=S"
469,kpieched0,ldewfalld0@canalblog.com,oF2?aECzSw
470,vscoullard1,ddunkerkd1@altervista.org,iD6.U~i%
471,lbenoixd2,vmaleneyd2@topsy.com,eO3\x_*g
472,ltejadad3,aquesned3@about.com,"gK5=lvtbk,"
473,jcanhamd4,mdalmond4@clickbank.net,xL3'FdT`js<Y
474,amacvayd5,mbenoitond5@ted.com,"bY4%Yw7<""R(7L%H"
475,jpetrend6,jheartd6@quantcast.com,"jE5,gPnze2>"
476,shurdedged7,rcowsbyd7@usnews.com,uJ7<C/$n)`%%jRE
477,selsmered8,mgiraldod8@whitehouse.gov,tO6&o0r6M
478,hcranshawd9,tmaliffed9@cbsnews.com,dL7)gjZ~hWH
479,krylstoneda,paleksandrevda@shutterfly.com,kG8=JB%X>QKnHK
480,ggovettdb,bpresleydb@telegraph.co.uk,dA1{9Fe%`#
481,tcastledinedc,gzinkdc@imgur.com,tT6!$rc<75
482,lorgendd,cbilbreydd@1und1.de,wG6)ejIE
483,kgavarande,rkingslyde@fotki.com,oI1+9&si
484,slabrumdf,tcammockdf@va.gov,gV2=y6kyF|O
485,epeetedg,sstaytedg@newyorker.com,eB1'qC(jIg%#
486,aantoniettidh,jballinghalldh@tripadvisor.com,tV8~+a3k/`'
487,rsuttilldi,bstenbridgedi@sitemeter.com,yT6>N7je_kU/
488,nsyslanddj,cohogandj@boston.com,"mQ0`0Mf#,"
489,nlincedk,lsarsonsdk@dailymail.co.uk,dY9*UI'wRDxk&
490,lallwelldl,cbortondl@list-manage.com,eT7+kE9&e
491,iadcocksdm,sjohnysdm@answers.com,mM6`kTLPKYfx/)
492,kbembrickdn,cweirdn@intel.com,dH4'ZrKKNyG*_.
493,kmccullochdo,jkirragedo@naver.com,yQ1~j0$3
494,rvynehalldp,odregerdp@facebook.com,oH2'_0|60y/4/
495,ereedaydq,asperrettdq@opensource.org,"gC7,Ps!)MW/"
496,bkeseydr,mbechdr@intel.com,"aY2=LGvF`g6E""%5>"
497,ptromansds,qdomeds@pagesperso-orange.fr,"jM1$EQnp|<1NF,uL"
498,mdunlopdt,ftristramdt@tripod.com,xW8<'b*Rp0#~>
499,ashrivedu,sgandydu@nhs.uk,mH8=ZiP=B&
500,wgorrickdv,vfeathersdv@usda.gov,yY2?OEF)%ED2HeK3
501,fwaghorndw,sgubbindw@fastcompany.com,iB2!PFX.3
502,gdemeridadx,acandydx@people.com.cn,"uW8\/i,$Mj!"
503,amokesdy,bmcilriachdy@geocities.com,iV2$7MoU+MPB1FT`
504,nmarriagedz,bcorfielddz@oracle.com,xZ7./vEYE7
505,rcossentinee0,peslemonte0@newyorker.com,xS9$5Mq?1?Hv>m'1
506,arackame1,rgoulbornee1@php.net,uC6@nFDg
507,ltombline2,saimee2@scribd.com,iM7$N9<rfJ
508,bmalkinsone3,mingyone3@posterous.com,bZ1`eCL~09KaDeLh
509,jcosgriffe4,bfrugiere4@cocolog-nifty.com,aQ3&$K_G50xK15|Y
510,lwallse5,chaggarte5@examiner.com,tT6*8mO4
511,bskille6,gimpye6@jalbum.net,wS0<VBto8S/ouc!
512,csealeafe7,rricciardielloe7@imdb.com,nS7#lSow3
513,abinninge8,cdranfielde8@google.de,"zU2=I,z='"
514,wkeijsere9,mcalcute9@spiegel.de,wI5/3bqZ
515,abodycoteea,kgoffea@state.tx.us,vM4}zBmS{
516,nlemoneb,rkingswortheb@seesaa.net,nO0'F6.2lsdR\g
517,thamlenec,jmctavyec@hibu.com,xI0$EMT?k}3WREL
518,icasforded,thigouneted@over-blog.com,gM2.wP*Ci8
519,abrownsellee,sbristonee@upenn.edu,mW7|u#1+ZowY\
520,sgoulleeef,rmcorkilef@bandcamp.com,tC9@>dF{VxMMR
521,senioneg,jbloweg@economist.com,"fU5/?""@""<50LL"
522,asilberschatzeh,nravenscroftteh@salon.com,"xV3,%2R9aAL"
523,htwintermanei,cmcgorleyei@stumbleupon.com,aT8/dlIV
524,rpasseyej,jlimrickej@unc.edu,xT6\|k9gBv)
525,cfaleyek,fhellmoreek@mysql.com,uS3.2RpzO
526,pswannickel,epryddenel@rediff.com,aX2')q@yCk\pk*Qr
527,pbawlesem,mlattimerem@unicef.org,iD3>z`13GVu9(?x%
528,tcampellien,dheathen@digg.com,kV6=uJIM6F
529,nfilppettieo,gteaseeo@wix.com,xI6=mUR*eCkl
530,tcurleyep,ihaggarthep@accuweather.com,fD8*cVWiU
531,trosenkranceq,rduseyeq@columbia.edu,dN3+2WfPWFa>f/
532,ppasser,gmccoider@dmoz.org,xS1@iGQ_
533,tskimes,dcooes@arstechnica.com,pZ2\E>/!S?C
534,zinskoet,dbrownellet@wsj.com,"kN5&3a_,qJP<N9C0"
535,adahleeu,sbadbyeu@oakley.com,aZ1{&B91
536,cberrymanev,sellingfordev@flickr.com,"pF9""c0yZ"
537,rloadmanew,cgwatkinsew@cam.ac.uk,wA7?pf{bOP
538,pmosenex,ebutchartex@sourceforge.net,"vX1't'PEs<""Z"
539,sdonoghueey,pskowcraftey@privacy.gov.au,"rI4#""v9c"
540,anaismithez,hbambroughez@examiner.com,qN2.A<cIFH
541,ebladonf0,mbuief0@tripod.com,rQ9|<q/C7
542,tferrerasf1,mflandersf1@canalblog.com,hR9\q$z~R*L
543,rlamortf2,lgreensidef2@webeden.co.uk,yV6+rHhys
544,jmacnishf3,tstrussf3@woothemes.com,"jF2,yh$wUiy%~N&O"
545,abotwoodf4,jsailf4@europa.eu,"pG7,u*,?8C0@a0$"
546,scazereauf5,kblowenf5@usatoday.com,mC1*7YaRX({sDz>
547,ehadgraftf6,emccluskeyf6@networkadvertising.org,cM3`!/CG{h%
548,kpoytherasf7,jblaisdalef7@about.me,"zE2,)?RqRR7Z_b"
549,awickmanf8,gcorssf8@w3.org,eX2$/$}&
550,jwizf9,lfurseyf9@mail.ru,vV3+$e+>(90Qbi
551,dgummaryfa,drisomfa@theguardian.com,rB6@`*mQ>\P%b'
552,fduboisfb,srovefb@dailymail.co.uk,"iX7,{BW!q"
553,mhallwellfc,mkytterfc@hubpages.com,kA7!=w$!B
554,malmackfd,cmolderfd@dell.com,"qZ7$J\D""O("
555,dhousefe,senrigofe@time.com,xT8!qohuL@>9iy
556,gmoggff,jdebneyff@merriam-webster.com,mJ4)_6`k
557,rhemerijkfg,gsalmenfg@marriott.com,pW6)zJv0\9r&'*
558,msollamfh,jsartainfh@bluehost.com,pK2+6mYUs/(%%Anc
559,afordhamfi,hschlaghfi@desdev.cn,mI4(I|nSw
560,serskinesandysfj,hhuzzeyfj@alexa.com,"mF1@7D=BdVYM,"
561,nwesselfk,sfarnorthfk@skyrock.com,pU4<3d_7o
562,tosmanfl,ibovisfl@ycombinator.com,kW5*6~lk&
563,cridsdolefm,nounsworthfm@spotify.com,sU6=?(jzZ5
564,cwroutfn,hgarlettfn@apple.com,cG9$OGD0H|nqtm<
565,mwoolwardfo,pkippinfo@accuweather.com,"wE7_9,*<9%U,e"
566,nringsfp,bbinfordfp@biblegateway.com,"tL7""Mw0<`b1"
567,lmcgrealfq,cdeningtonfq@stanford.edu,zB9_F}Js.l
568,mmcnirlinfr,wsowoodfr@alibaba.com,"uZ0.G%lHU38N"""
569,njoscelynfs,cpipetfs@usatoday.com,hH5.nCv\`3dwr@1
570,kcansdallft,cprineft@youtube.com,bW7*4OFjwI
571,fzellnerfu,wriccardfu@exblog.jp,"dJ6""jKAxYCru1/"
572,cmurnamefv,rizkovicifv@si.edu,"sL2$h0,>6C"
573,tmatyushonokfw,gselwayfw@mit.edu,lW2/e7'dILaNG
574,cwhifefx,cmeagherfx@infoseek.co.jp,"aC0)_""27f>""v"
575,istorriefy,akennealyfy@indiegogo.com,mH7$@SG_E3
576,othickensfz,rbachshellfz@about.com,"uK5~,~6pS(x5#S}"
577,mhairsg0,ballseppg0@addtoany.com,kM2?s*\49
578,rclemanceaug1,uraatzg1@hud.gov,fL5@?wD~yhabjSU
579,jantonettig2,dhuntleyg2@seattletimes.com,"lY2_RY,|e"""
580,cjonsong3,dreimerg3@dagondesign.com,xI3(gJG\u0YH4
581,rriddg4,twandrackg4@toplist.cz,oF8+#GoaBGUe
582,ilenschg5,mansellg5@harvard.edu,uE6?EQw8?*#
583,bfearneyg6,sshirtcliffeg6@mit.edu,"vR5""NfOlvgEQ#"
584,mstoaksg7,wtripeg7@ycombinator.com,zX5*zB\3tp0J
585,dfrancesconig8,ktallowing8@ocn.ne.jp,tV3_roI2p.8qVze
586,llangworthyg9,jstarrg9@techcrunch.com,gN1(LDGEkB5sQq34
587,cbonsulga,gduguidga@devhub.com,nS5|glkX
588,ifreeburygb,lohollegangb@go.com,wF6}|72&9U
589,zclearygc,ksoanesgc@paginegialle.it,zS9'$A'17`=ui
590,dolnergd,sgurneygd@nymag.com,pV9#xUkU0a7K
591,jerskinege,csimmankge@flickr.com,gJ3>2SQG4T<tmw~p
592,cplumbgf,amccoveneygf@github.com,vQ1~j0<W*
593,nmeerongg,jbarmbygg@ted.com,"kD5,\ty(TK<l3gQ1"
594,pumbersgh,ableesgh@unicef.org,dA8/hDYhTkt6$*7
595,slestrangegi,gmoylesgi@cmu.edu,xA9_EW`2Kyor{5)
596,bcurwengj,bdugogj@google.cn,cM7'pePQ
597,dyellepgk,nmcquakergk@fc2.com,dL0?7jBj
598,mhacklygl,klambrechtsgl@xrea.com,rE5`}~C@T!n&N*f
599,mraitgm,lyoudgm@pbs.org,jV1|wZ<F/v
600,lreppaportgn,sgoggingn@squidoo.com,vW1@iX1vQO@r
601,jheffrongo,cchildesgo@acquirethisname.com,qY2/)eWXgjD~=*2
602,jhawlergp,sphillipsgp@simplemachines.org,lJ1~#9>xbt_
603,bdewettgq,ddarthgq@weebly.com,yU2@q)rQ
604,vbudikgr,nwarrilowgr@github.io,eY4)X{}_k`1v
605,mrosiegs,mritchgs@unesco.org,lP9$/#+@iV2n.>$'
606,gwoodsongt,cinmangt@godaddy.com,lW3.qXm_vJ$A
607,kkaspargu,nayregu@blogger.com,"zT4""~lTo.l1QPK"
608,bpenyltongv,tmillisgv@slashdot.org,iA6?pO`S@z2
609,mstorchgw,ssergentgw@imgur.com,bS7%SyUA
610,kingletongx,prubinskygx@barnesandnoble.com,aL8&UlAtE}vQ
611,rrysomgy,atrendlegy@mozilla.org,lV2_)uLT'
612,wperettgz,wblaydgz@macromedia.com,qO1$*1`r`#{>
613,bemblowh0,dupcrafth0@deliciousdays.com,tF5?qYH2J}
614,cyokelh1,mnaisbeth1@europa.eu,aN6>)0scIE
615,jbaudinoh2,cfibbittsh2@tmall.com,iF8|j~L1fz~.ZiR
616,kculbardh3,tpetraitish3@fda.gov,uO9<SS7Rf_7AJ\&
617,jvictoriah4,omallyah4@flavors.me,gY0}R}()$J4>`4
618,cbenboughh5,casipenkoh5@indiatimes.com,"dG3""gi%nQ)*n"
619,jgoldsbroughh6,jbluemanh6@arstechnica.com,gB9)n*Kldj_LDE
620,skidmanh7,awavellh7@twitpic.com,hN8<6>RvK.
621,aluneh8,fhoutenh8@amazon.de,"nU0""tYEruu~="
622,oakhursth9,aogriffinh9@hexun.com,"iI9@,.us,p_Q>(#"
623,jmcreidyha,rgalleha@live.com,yQ9($1hp%\U~}Kp(
624,bfranzkehb,battewhb@canalblog.com,"nS5%""ZV.r/!"
625,rworthingtonhc,asnoxallhc@bigcartel.com,jG2\Yk'|3!TXrlQ
626,vungererhd,jlazellhd@sitemeter.com,vV8.}v7bq*x
627,pgregshe,mcustancehe@nymag.com,"cJ2,iR\ov%"
628,econrathhf,ncheevershf@apache.org,oD6|4yuDQh
629,pklosgeshg,aferrershg@netvibes.com,"gY0'n{|xX,$R("
630,odelislehh,klindegardhh@businesswire.com,tC6`BilE
631,gkirvellhi,nfrandsenhi@sphinn.com,zG4.|\fRzGA90!
632,gkienzlehj,abrettonhj@psu.edu,aD7<(rotH6+Zve'
633,lsucrehk,zlepinehk@ask.com,aU7%ELgi{V
634,mbasnallhl,nsendshl@about.com,rT9`99Op1wng
635,bpennigarhm,oaslinhm@europa.eu,iR2!aKQykQ
636,skittlehn,krendbaekhn@gravatar.com,dL2\en}x98gt
637,lcovelleho,wbaumaierho@amazonaws.com,qA5(1`#IjGE*8f
638,hrickwordhp,ccohenhp@google.ca,eV5(b(bnu\
639,erhyshq,dbourleyhq@ameblo.jp,eG0{rMa<
640,sseligsonhr,mescolmehr@wiley.com,nZ4|2eR'X
641,handriessehs,jallsupphs@usnews.com,"pH4$IEa,/gf{H`"
642,cdooreyht,bshutteht@shutterfly.com,"pI2,9qWQf.~XI\x"
643,wburthu,hgerghu@facebook.com,iJ5>Ok7zNV3
644,lpaasohv,ycabedohv@japanpost.jp,gM7#p}n$
645,bedgingtonhw,smardenhw@shinystat.com,"sQ0_Ph_"",7KU9}"
646,mshillidayhx,nparradyehx@gov.uk,"uC9/`w,mN6G,ME~"
647,sgookeyhy,rfennessyhy@clickbank.net,hD2=!@56FOY|V0j%
648,sabelshz,tstertehz@w3.org,gA5/{w!*
649,dpoggi0,svanderbekeni0@sourceforge.net,uR6<@DmwF}#57iI
650,gclyburni1,cdebelli1@wix.com,wJ4\lc00D
651,amadgei2,sawtyi2@sogou.com,tV6>Bp&Pgfupf0v
652,gdedricki3,djouannyi3@devhub.com,lN7&fvj'w
653,rwarbysi4,bbeali4@fda.gov,lZ6'd+Vi#
654,sdemarei5,pchidwicki5@meetup.com,tI3|NGSqX&7gQO(
655,csprulli6,olessmarei6@usda.gov,uQ6%i.n/UR<MtZ
656,jcarnecki7,griddei7@bizjournals.com,kS5(KB`Crnzy$5
657,fshandi8,amablestonei8@mayoclinic.com,rH1!jxJ#E*V6DdB@
658,koreti9,ddjakovici9@amazon.co.uk,"aN2%<s!{e%?&,ih"
659,cfabryia,zdelfia@mashable.com,aC7`A#3NUCa
660,jarmfirldib,bdanielyib@printfriendly.com,kH7_ZO~0IcHF18Nr
661,cpetrolic,cmerrellic@yolasite.com,"fS8,+V=&"
662,lashleyid,mmcinneryid@telegraph.co.uk,hB9>W}\SB5umRwV
663,fjezzardie,ebuttreyie@livejournal.com,"aJ8&B,=!VS"
664,mpaffotif,lgronauerif@geocities.jp,zA8<}0A`)
665,tbowdidgeig,aguyonneauig@zimbio.com,iV8#m%=V
666,jbayntonih,dhabinih@cocolog-nifty.com,kB8(VNSuQ3
667,rdullinghamii,egrisleyii@google.co.uk,hE1?ww6_V9`4o|N
668,torchardij,pogreadyij@mit.edu,"gP8.%Nq,nvE'B"
669,cwitzik,mjumelik@businesswire.com,vD6$OX%}'zt(N#RH
670,dgrombridgeil,sfeaviouril@oracle.com,"lJ7$)""DJhQ.QKKS"
671,amedlandim,jbinchim@spiegel.de,fZ6.*?ot4D}I=A
672,nheadlyin,mriguardin@homestead.com,pU3.DE|pBn
673,dschabenio,sreeio@jigsy.com,"iT9?S%|L""9>_rI9R"
674,dborsiip,dgoatcherip@imgur.com,mW8>#GwK
675,atenantiq,plaminmaniq@flickr.com,"cC3&,+VQ|"
676,dallabushir,mdockwrayir@hatena.ne.jp,qH1.r7ru+Vx
677,sheadrickis,cibbotsonis@hibu.com,eB9(L'#v\l{R/
678,lhaselhurstit,mcarringtonit@bbb.org,iN2=r/F&*T9>
679,gdecleyneiu,bmillwardiu@yandex.ru,oE4_5njo
680,kpainswickiv,tthreadgouldiv@ask.com,tU5.>w<0&n7?xqt1
681,pdimatteoiw,tsitlintoniw@youku.com,xW2+@iHFzaAg
682,mweaverix,jpykeix@dailymotion.com,"jY3~bJ/8H""|"
683,cstrowgeriy,acameliiy@liveinternet.ru,dA1>TAn#Yoe*f
684,wbowskilliz,memsleyiz@nbcnews.com,sO1'aaVX/m$2
685,dandriuzzij0,gblanchettej0@statcounter.com,"dP4""&ELM\v"
686,kcastanej1,mseniorj1@mashable.com,vE4%+Fv3!Csoa
687,estakerj2,nhamblettj2@shop-pro.jp,"mW0%0~eO,4WS%LL"
688,ssemeniukj3,cbeaneyj3@theguardian.com,nA9|o/'Pu
689,helgerj4,rkingsleyj4@hostgator.com,"tW4`K""d4c.&6'H"
690,bbroomej5,aquantj5@multiply.com,"aP1,y+!98mf(S"
691,wrashleighj6,garnoudj6@sakura.ne.jp,kK9~kZH5O!>3
692,mdacombej7,atoshj7@github.io,"aM3?'*,rT1aaih"
693,lpendellj8,jchuneyj8@posterous.com,"bZ4%`tnOw""oc|!|"
694,jpoundfordj9,brylej9@angelfire.com,zW2@<*7ojYTfSlJx
695,mwaytja,rbanasiakja@bravesites.com,vW6{K7cJ+Q
696,tloughjb,bpimmockejb@intel.com,"iP5?i""Npx"
697,gsaccojc,hbenyanjc@flickr.com,uP8?msC?l)eKJB
698,hgisbyjd,mearlesjd@pen.io,eU7\${Mw
699,groycroftje,smcglewje@domainmarket.com,sH2?+Fyrp<f
700,cduesberryjf,jsummerlyjf@dell.com,sO6/k5Xyh#oa
701,csimoncellijg,ngingelljg@newsvine.com,xU4`7ebyII8$0
702,hsamettjh,crapijh@weebly.com,aI0|OdpNdr9
703,arembrantji,xdumkeji@issuu.com,iQ2$q'1YW%l)HjXx
704,cbroekjj,esnoxilljj@umn.edu,lX7@c$A2zh@Z@mba
705,mlindemanjk,beliotjk@vinaora.com,eV1=I0<&97l
706,icapponeerjl,jahmedjl@eepurl.com,dX8.yJWmOnWQ
707,fodayjm,iwhistancejm@whitehouse.gov,"nZ8(l.c@H&\_,N"
708,cgaynorjn,adewarejn@indiegogo.com,wC4.&0B)k&yK+>
709,vpasticznykjo,pmatysikjo@indiatimes.com,aO4(qngQt'0
710,gelverstonjp,crandlesjp@youtube.com,rZ7=7f8P{HzoDT
711,anoseworthyjq,btrulockejq@telegraph.co.uk,"gJ1!kt4N,g2)Tc!"""
712,jsprowlesjr,bhalburtonjr@apache.org,eB0/uEyj#JjG
713,msutterfieldjs,rmerlinjs@sourceforge.net,"mB1$}j`,."
714,tbockenjt,hgroucuttjt@fc2.com,"sJ0""`GU8/"
715,badieju,gmccrainorju@ted.com,uR8*NdTznsAx`'q
716,ereallyjv,nmartynikhinjv@businesswire.com,"rW6*gnVT,(p"
717,wrolingsonjw,kpuddefootjw@dedecms.com,"gV0\KZ+P|,)UM2"
718,mdelphjx,rbithanyjx@mtv.com,iW8\$FM83uCKJ)
719,dschenkeljy,delmorejy@google.com.br,tY7?a93gd
720,aaylingjz,pstangeljz@google.cn,lL7+oZ4Wc
721,mpulsterk0,fsulleyk0@hubpages.com,vS7+&)5>S)6pn
722,jhanigank1,sdumsdayk1@epa.gov,kU6`IWe6a<zg>~C@
723,rgoldsterk2,blakesk2@webnode.com,pQ8{+$wn9mD
724,dbrickk3,wgoggank3@etsy.com,dS5$Q('L
725,deddowk4,mdoryk4@answers.com,uE8&Vuuq&8J!riQ
726,tpatrisksonk5,rlebretonk5@ow.ly,eI7\vnNz_Wv1|P
727,dbullark6,wsmallwoodk6@java.com,rJ2)gtk&(hW
728,jturevillek7,ilansdownk7@paypal.com,hE4)8O9VOq|%MHG
729,gepiletk8,svernallsk8@mayoclinic.com,cD7/eL!=F_IMw)<x
730,aknokk9,jklessk9@shop-pro.jp,rC1>/32&TLt
731,bhavikka,vpresnailka@google.fr,pQ9>yfxi~|nDAet
732,ustartonkb,ibingkb@google.ru,hQ1&yL/myelh
733,gpickfordkc,cmackettrickkc@free.fr,kL1~<dLal0w
734,smottekd,lmcphadenkd@storify.com,nB4@bsUbDI#
735,csimoninke,bshiptonke@tripadvisor.com,gO3{MLzrp`Db)u
736,cpennickkf,evandalekf@washingtonpost.com,kS3%&l0at
737,apaxefordkg,atommenkg@statcounter.com,nV3%a(>a>D
738,nfruishkh,dabrahamiankh@slashdot.org,bC6}Co!/
739,chardingtonki,icatlingki@discovery.com,"cJ3`2,DW8"
740,pgeroldokj,meamkj@dot.gov,cR4\zHU`rce
741,kkendrickkk,cbleakleykk@vkontakte.ru,qC6?*R&!Cy
742,tmanginkl,ajochenkl@economist.com,"sD8{M=xiG""cMy"
743,hspringtorpkm,atamburokm@rediff.com,dC9?qmCi1SBV
744,estuehmeierkn,thayseldenkn@cafepress.com,"kZ3}K'XF""A($epa`"
745,mlehrko,eoffako@plala.or.jp,tL5}.ke?UpchhuZ
746,mwilcherkp,atraisekp@reuters.com,xW4>~}KF{(RL
747,hparlorkq,abeagleskq@bloomberg.com,uU0=K'e$9mUr
748,lpyviskr,egregolikr@blinklist.com,lY0'Tz+qA4Y
749,cgendrichks,tjacobks@deliciousdays.com,hP2)1p6C
750,dchettoekt,sdominichellikt@amazon.co.jp,xQ9>45B$b_#8dn6
751,sgilhoolyku,fdonnellku@xinhuanet.com,oY8'OeK#?\
752,ftruinkv,zportsmouthkv@columbia.edu,"rM0|JYP6MZNLz""3"
753,kdumpletonkw,slhommeaukw@taobao.com,"nC8),H{3o*4C3lo"
754,jduffriekx,bangravekx@networksolutions.com,bO5`0<q<lxM
755,asergeantky,fbumky@opensource.org,eE6#>7NK6l#p0
756,bdutchburnkz,xswepsonkz@businessinsider.com,pX5)kSN728
757,cwhaitesl0,dfluckl0@state.tx.us,kP3'P<LFp7=>i
758,amissendenl1,dsouthalll1@flickr.com,bR2/6!mthm\fag
759,dwestonl2,dwarnl2@pcworld.com,"dJ5$""c,3law`$"
760,lundrelll3,hclementsonl3@issuu.com,gK0$`/SZW+@Q>
761,rburbagel4,callsuppl4@blogspot.com,uQ7.j7jA%{?9{
762,cpanchinl5,esextil5@epa.gov,rP5&x'R27@Fe
763,zosirinl6,kgarlingl6@deliciousdays.com,yR3\I1Fh~Y\8
764,laynsleyl7,mkindonl7@wiley.com,sD3'lnCwrF
765,nobrallaghanl8,rtillerl8@ucoz.ru,xW2~aj98u
766,alogiel9,ldulwichl9@alexa.com,rY1~cBNX/{k
767,bthompsonla,dwinscombla@webmd.com,xJ9%I>Pe
768,bsuddelllb,ccatolb@pcworld.com,yG2.y3A%
769,khaggartlc,abertenshawlc@over-blog.com,qI4_o.ukoiAi
770,gbernardellild,cadolfsenld@msu.edu,"iX3%b""L""yJ.9"
771,jjolinle,kedmensonle@apache.org,"dJ5,S}q>"
772,tklimkovlf,mmahometlf@ameblo.jp,gH2$&l'$
773,smclanaghanlg,ascoonelg@elpais.com,mK2&k0R.{
774,smacarthurlh,cmilleylh@senate.gov,"gT6=AA/wgB""+4E"
775,vsangoli,dmquhargeli@cyberchimps.com,yJ2@15$*#F
776,bpiscottilj,cgainforthlj@yellowbook.com,hR2(@J?#Uw&l*vH
777,bherreranlk,ntrowellk@wordpress.com,yY1$tSSFx
778,tmallinderll,dsamwellll@vkontakte.ru,"kK1>`*zA3,otsRUy"
779,cmoxsteadlm,adelacrouxlm@360.cn,bY5{V9i59P(y(?b
780,ldomleoln,kschubbertln@mashable.com,iW5/i*U#>*K{(kyn
781,amisklo,kbrealeylo@uol.com.br,"bF8'%YcI@#BY""="
782,mputleylp,cbrissardlp@technorati.com,kB5#{/q~3w
783,mkynmanlq,mfirmanlq@paypal.com,oF1@1VK6
784,thalfacreelr,mruspinelr@go.com,hI1|ZAvA
785,pchisholmels,bburrills@cargocollective.com,kG0'0pW_M&bLq!
786,hcrantonlt,cpettettlt@washington.edu,cJ9{mR(ifw_q5
787,sfrazerlu,mtofpiklu@tinypic.com,yH9}%I&u
788,cgianasilv,mmiddifflv@yolasite.com,"uW3`"">8Z(MnjROH@"
789,nbirchilllw,tshinelw@walmart.com,mF4_pfr}J>Hw&t
790,nsercombelx,lchacelx@last.fm,bY8}5>P<*7
791,aosmently,dkernockely@timesonline.co.uk,yQ4|+hA8
792,awheldonlz,cedwardslz@freewebs.com,fP2>pO&w2
793,mlovelockm0,astucksburym0@thetimes.co.uk,zR4>xCLl{OIb
794,shryskiewiczm1,lfieldhousem1@webnode.com,tT5>sR!#{
795,clochheadm2,rcockshuttm2@psu.edu,fN9&/<#U
796,mennorm3,tfriem3@github.io,dW5&JWprpKitwUt
797,solyfantm4,bkempshallm4@unblog.fr,"pJ1,4'SnytdBh"""
798,aortetm5,vtippertonm5@people.com.cn,"rI8@,,<\6a#q"
799,bdionisim6,vsharremm6@shareasale.com,tU9<Y=/6K*X>9Ee
800,mlittlemorem7,jbamletm7@blinklist.com,"wX0~g<P""U6h+Q7T<"
801,lbannardm8,vlinsterm8@bloglines.com,zY7{.!#ehW7fiy
802,ubenhamm9,kprevostm9@pcworld.com,jQ4%Tauw
803,frodenburghma,fklimpkema@dedecms.com,zC1*eh%0{
804,shollymanmb,fsneezummb@rambler.ru,iG1\xTwu
805,ccademc,balvenmc@sun.com,fC4@_5%+1`S
806,tpalumbomd,jdisburymd@pen.io,kX6'6O<|Z2S
807,cstuttme,kcoonme@vimeo.com,lD0%rxj$}xzXw
808,fernimf,mreamsmf@squarespace.com,dO8&xuhdPSF6nl
809,kdonomg,kwelhammg@usa.gov,pW2(=Dg*y
810,nkiffinmh,rfontainemh@people.com.cn,jP7\2AK+=t{~r)Me
811,pduddymi,dmcgiffiemi@mediafire.com,"qE3?OI,4I"
812,kcouttsmj,hwallikermj@scribd.com,eW9}A(N9FQKXN
813,degletonmk,pmeaghmk@miibeian.gov.cn,jL4_pvt88kNC6V$
814,sivanilovml,fcafferyml@usnews.com,rQ7(wS$iI}2
815,hkermodemm,ccrotchmm@jimdo.com,zH5{/7fL\NVC
816,psnooksmn,dburburymn@webeden.co.uk,"oM5+FziB*}|ZN,)`"
817,radrianellomo,bhayhurstmo@craigslist.org,"mT6|,H5<%ca"
818,shamalmp,ecockshuttmp@wsj.com,iZ1_TwtK3%
819,bfackrellmq,dvallensmq@oracle.com,gU6$+kgU
820,jpolsonmr,jkanzlermr@army.mil,"zG0_!5er,8z'Ne"
821,dfanshawems,kdedmanms@vimeo.com,sE7*3GY9W>Q!7
822,acorkettmt,rdietzlermt@themeforest.net,hH0.|TXw.
823,rsapsonmu,cgallehockmu@smh.com.au,aO7@?$VL4YXG{\O
824,lpuzeymv,mbonnairemv@storify.com,eB1=Fzal$2ft&=K
825,nbroommw,cmortlockmw@yellowbook.com,xX1{6FHB7PhE_w
826,mkellarmx,ablackallmx@amazon.com,hM5>Mjsf+Gcdn?d
827,cdinsalemy,gramstedmy@wix.com,aE8{|!l~eC
828,dsponmz,mgookeymz@yahoo.com,pV5}c<x4
829,ccompfortn0,ffenixn0@php.net,qI4&ir99uCK
830,btummondn1,hbradshawn1@home.pl,"mQ6""%~C%5_6R"
831,mtrenearn2,nbarnwalln2@wsj.com,hN8#|Ap>ODx*ygH
832,daddingtonn3,alemerlen3@skyrock.com,rU9|8ySeBoc~
833,kroizn4,ghapgoodn4@nps.gov,xG8)L6|~kq
834,apaskerfuln5,fswannen5@google.ca,mI6+UC%B.5$
835,clabinn6,swebsdalen6@theglobeandmail.com,oE4<s?0axK
836,hleeburnn7,xviscon7@reference.com,dG0~D''P
837,jboamn8,hclassenn8@storify.com,"mW4,3y3pmw"
838,rgianellin9,mcrowestn9@miitbeian.gov.cn,hM5%AWb>A}q
839,alangforthna,mlevisna@unicef.org,gL3<KW.4
840,jgraithnb,mpawlowicznb@ustream.tv,lQ7*2@f>`|xPmEas
841,cantognellinc,qhaltnc@imageshack.us,oU4*T\d*K
842,bgadesbynd,enashnd@shinystat.com,iQ8}/J4iT>f)c
843,awhitloene,ipfeiferne@huffingtonpost.com,hR5><8N<I8b
844,esimicnf,vlingfootnf@microsoft.com,tR8/CufR\E{
845,svinnicombeng,voleaghamng@dagondesign.com,mX6`en\Ff2x
846,zallowaynh,omeadnh@google.it,yF0_(up_
847,gcackettni,mchatwoodni@canalblog.com,uM4#`wkYx7EE
848,ahazardnj,cdupreynj@163.com,dG9#iZW_g
849,diacovaccionk,bygounk@mayoclinic.com,cH9*B*)D?&)Hn(
850,dvilesnl,dromaninnl@nasa.gov,dL4}u<!ZZ&..UM
851,jruspinenm,malbronm@a8.net,zJ6$7ub}KB>X*{
852,jlimprichtnn,rciementininn@spiegel.de,hL3<AC=tp*f\9>
853,bbattyllno,bbloxlandno@bbc.co.uk,bE3=L2RP+f
854,earmallnp,rticenp@flavors.me,oK5'<Y$c(R2!kDW3
855,bgoveynq,sashbeynq@disqus.com,rH6{fr6+~Hec
856,hlongdonnr,rhurleynr@uol.com.br,"qH9<P""LpHZMp!z?>"
857,iallsuppns,gfairfoullns@oaic.gov.au,wM8`$|fGvFxH
858,sinchbaldnt,mtrustient@oracle.com,dF5(*01JVZ
859,dciementininu,rhumblenu@pen.io,"hQ9,x}4h"
860,lkleinplacnv,bpeddarnv@tumblr.com,"lW9}b,zX}"
861,lantognozziinw,tbrooksonnw@twitpic.com,eR9&Mq50'6@SS
862,vdecarolinx,sdevereuxnx@csmonitor.com,"bF7\ll""+U"
863,thayballny,eamsdenny@state.tx.us,uA4(7dn/#lB/p2
864,hkinnardnz,tciottonz@wired.com,jZ8*{>|GB~.Au\
865,jrungeo0,meckarto0@mac.com,rK9_XtTg5{=X!jq
866,kwhitnallo1,ssongisto1@deliciousdays.com,fS0(9Kl@rrDY=m8#
867,cfrieseo2,gcristeao2@tripod.com,fH0)Qq|k9P5}
868,wleprovosto3,vjamesono3@surveymonkey.com,qY4$bR_3~hB?MbF
869,ejuarao4,sleaknero4@japanpost.jp,oQ4<bfrK2.1V
870,jpilgero5,dgildersleeveo5@seattletimes.com,yN1~8&knlIU
871,llefeavero6,gwinspero6@google.fr,iM7.SJ!s!waO
872,gsextio7,iconerono7@yale.edu,zN8*fVB}P_U
873,khamptono8,gdebneyo8@bloomberg.com,vK3</(Mn|o
874,kcageo9,wortono9@sciencedirect.com,lE3@hw3u
875,slenaghenoa,djuanoa@marriott.com,pM6.*pXq}
876,tvearsob,wkensholeob@desdev.cn,dO0'pF\Q
877,tdaethoc,chandforthoc@vk.com,pZ3&~h?0Q
878,bbellonod,gkebellod@tmall.com,cN9~Z+sP@
879,rbarberaoe,ashellidayoe@wordpress.org,"vY9$qXP""(gf'z"
880,rashburnerof,jpoetzof@mashable.com,oL4+4`eGc7zgM\>S
881,sjarrittog,llyndsog@ow.ly,"oA7,VGR.U"
882,mwhibleyoh,salbersoh@comsenz.com,"dS0'>!vf,YHyk"
883,asnasselloi,aloughtonoi@smugmug.com,tI2%|fdwzeaykp1
884,druxtonoj,gmccarlyoj@paypal.com,rI5&776Fq|7X!v
885,bdugglebyok,mgreengrassok@paypal.com,eB7=ICv\<1&eR
886,bmartinool,sedinborool@mediafire.com,wN7*JJUv.~duM
887,sbosnellom,smakiverom@sbwire.com,fK2&fWV2
888,jclapshawon,yrothchildon@yandex.ru,lU6&KLf#C
889,gbusselloo,glevertonoo@yellowbook.com,aJ0'<qWlg
890,iogdenop,lphlippiop@ed.gov,hQ6`wg5|67Es{01
891,ikiddleoq,lwoofindenoq@amazon.com,kG2~IBDPU}o'bux
892,hgrederor,rtamsor@netvibes.com,eF1`'u6<
893,bfrillos,htwycrossos@fda.gov,"cK3(6=Ax""@ti"
894,zsymersot,rtompkinsonot@seesaa.net,dF1.?Kol
895,tcuttingou,gbeloneou@cnn.com,rJ9/$2v2/@
896,aruterov,plissamanov@privacy.gov.au,"xZ7,YaZ7"
897,mboxhillow,emayallow@booking.com,wQ6%b>`+
898,jbeaulieuox,mscurmanox@odnoklassniki.ru,"hT5$!M@{t""OK"
899,kgonoudeoy,pcarmeoy@trellian.com,mZ8'1GDu._RA>+C
900,mhillabyoz,gcowardoz@over-blog.com,"sZ0/~""udx"
901,msartonp0,bmakenp0@twitpic.com,cC3$yCydaAv7
902,hshoebottomp1,ecockramp1@is.gd,xL4.>|VsW)FGRxX
903,kmacsorleyp2,dheatheringtonp2@tamu.edu,"rP7>2aB""&p"
904,glivoirp3,fyandlep3@apple.com,bS5\eE_NN)
905,nsackesp4,nmostinp4@cpanel.net,nJ6{ewxQqGyR+E
906,lwilcottp5,ggutp5@ebay.co.uk,tN3/<L=~mmi&
907,fludgrovep6,lmosedallp6@wunderground.com,"eB8""CLcX2+J"
908,psteffensp7,brytonp7@google.co.jp,wG1%?)C!
909,mmacdonaldp8,fitzkovitchp8@admin.ch,"nV1}Y$d.hn0,XIM#"
910,vjustep9,jhaythornthwaitep9@mapy.cz,nU3.2&ewf5P>
911,smccomiskeypa,tfostpa@yellowbook.com,jH8&%A>0fZ('u
912,phobgenpb,rleavespb@ucsd.edu,zC0+\``/CHp
913,nabellapc,ataconpc@exblog.jp,xH3}DVEV
914,esailorpd,hstapletonpd@bravesites.com,xD4=VW+G?(Q.Q3
915,bmacardpe,amalyonpe@dagondesign.com,zD0/\Yyd
916,elightpf,heykelpf@printfriendly.com,"uK7<2aPCWZQ,"
917,awisdenpg,jmatthewsonpg@php.net,eU2$S4zhl*xuiXO
918,uedgellerph,spurshouseph@furl.net,lQ5{{<5_Ns#`9oU
919,estuehmeierpi,bfilippuccipi@zdnet.com,fZ5+r\V7QlbKoS
920,rmolyneauxpj,lholehousepj@fema.gov,zM6*{G$XN#VYTeK{
921,mthiolierpk,plapsleypk@godaddy.com,pX1~174?${0%4b
922,ewhitehairpl,abartrumpl@businessweek.com,vK0\u_kA*zvO
923,cbaskeyfiedpm,abirtpm@sbwire.com,kJ5{Gu_$ks4pPAv\
924,bheinekingpn,dbassillpn@chicagotribune.com,pN1/d+tT
925,eboughtonpo,pflipspo@scientificamerican.com,jP3{Ph@t`8
926,mcapinipp,bverlanderpp@netlog.com,"gZ2""pwH.&x'fdE"
927,kskivingtonpq,dmakiverpq@state.tx.us,hP2*G!#7t
928,tdollingpr,airedalepr@dailymotion.com,oJ4%_{osj/
929,omorps,hdearnalyps@imageshack.us,xF3!bWfQ`
930,epotterypt,tmaclennanpt@amazonaws.com,vV3<tC9+}#qv\>
931,nofarrispu,lprangerpu@va.gov,"oB3,GWw{`@c"
932,rcanapepv,pbewleypv@blogger.com,"sA1.0((,Qy"
933,rdaintithpw,gdowthwaitepw@cpanel.net,bL5/g*MWpwq
934,cwhistanpx,htroakepx@si.edu,"yF9{Ae,funn\8E.Q"
935,bkinglesydpy,tsutheringtonpy@163.com,pU5!QpbkFDj!4
936,wedinboroughpz,kgledhallpz@uol.com.br,pC9+8Y}PKU*uL1Y~
937,frubicaq0,pflawnq0@amazonaws.com,zJ2'd@x$|
938,dspellicyq1,tdesortsq1@lycos.com,rJ8&cF(R
939,mbahlsq2,blanchberryq2@ustream.tv,hR8>oiZV**9P\
940,scanterq3,rrowlerq3@bloglovin.com,oP0&9M`0!a=
941,pbigginsq4,nhazeldeneq4@goo.ne.jp,nB8=P1e@@+2e8%
942,ebesantieq5,tmatuszykq5@dion.ne.jp,aD0\uAoZ3&D$dqaa
943,nruaneq6,gleppardq6@mozilla.com,kM0?xK#?
944,soxeq7,cnaisbetq7@walmart.com,hB7>VN9H
945,csuffieldq8,tbartolomaq8@multiply.com,rL1?qyd1Ze
946,vinkpenq9,jgarvieq9@liveinternet.ru,wN0!XQ/3a'Bu
947,acrucittiqa,wriquetqa@icio.us,zU4>|BDTYcjZ
948,sjeannardqb,gdracoqb@cdbaby.com,hA2*B<9W~
949,dgarlingqc,mtoeqc@oakley.com,hL3=P/{<*)z4#4
950,rbyassqd,rheikkinenqd@chicagotribune.com,qI6@|)gFr
951,mdelascyqe,rbartoszewiczqe@tamu.edu,"bA2'wxzDI41Y5E,"
952,hbaulchqf,dblandfordqf@examiner.com,uQ8_@pz+cJ
953,amcmichellqg,jpowdrillqg@privacy.gov.au,zM3=6efa&_Rr&
954,vcoopqh,egricksqh@freewebs.com,gK0$i%3W%SZMf
955,dstolworthyqi,tcabreraqi@360.cn,lH9\*_Tyh#2g9tC+
956,rmetsonqj,lbainbriggeqj@blinklist.com,kV7)|*q4
957,dcullinanqk,klillimanqk@dell.com,zB2<M{~idOQ\H1E&
958,mbridgementql,ciwaszkiewiczql@163.com,vA8$Cgm?
959,cwoolfordeqm,ltumultyqm@hc360.com,"aL9""ZTVZc@gt"""
960,cacomeqn,kcosgreaveqn@list-manage.com,gT1@rl@tzs
961,pmquhanqo,acorneyqo@epa.gov,"zO8~5@'`g'Cpdq""<"
962,ncheavinqp,mmorrillyqp@examiner.com,yJ7+q+'zO
963,dlitchmoreqq,rspinozziqq@mtv.com,wQ9'doaG
964,mokieqr,ejuschkeqr@csmonitor.com,qE4@_faP0FY
965,ibrainqs,kdowgillqs@apache.org,pG0?=`tEu2O}e
966,slambalqt,jwarrinerqt@virginia.edu,xK4+kF'sU6Jr+6IO
967,atomalinqu,clikelyqu@shop-pro.jp,vN5@O}o?
968,mmackelworthqv,fdimitriouqv@godaddy.com,lE0$J3EQ5xk
969,ewhittonqw,wsparhamqw@prweb.com,"yH1}yUL5=>,A+=0%"
970,tfalconbridgeqx,psandaverqx@seesaa.net,kU1}pw{F#eLL
971,bshailerqy,hkissackqy@webs.com,gZ2@h4Bpwu
972,mblonfieldqz,amacgarveyqz@cnn.com,"qT9,{Lb`.gPf?R+"
973,sdanaherr0,llovejoyr0@e-recht24.de,kI7\P%/j=
974,gkettlesingr1,mburfordr1@delicious.com,mM9*G{.uAUL_(
975,tdearlover2,rshickler2@uol.com.br,iK6(#0!6Z$
976,wmacgeaneyr3,gogormleyr3@huffingtonpost.com,lG9~8cDA1%mi(X
977,decobr4,wmcfetrichr4@wp.com,cI7><+>sBuudHJ
978,evannerr5,dkeiltyr5@51.la,rQ7/=7zw{L'
979,ctriebnerr6,ilondsdaler6@themeforest.net,tH8{UuHI=P3
980,vminigor7,lpattler7@xing.com,dI1'3Bnz
981,epoundfordr8,hfriedlosr8@mayoclinic.com,iM8>>)DM8+
982,apainswickr9,fdondonr9@state.tx.us,vQ7!SNML9f4d.g
983,cvardonra,tpachecora@dailymail.co.uk,aE7+foqiU4U5G
984,fsweetloverb,rmorganrb@360.cn,oG5=v*VO.
985,drobjentsrc,rflewanrc@slideshare.net,nA4)`B\Q
986,ptavenerrd,maylmerrd@nydailynews.com,aS5|3em467
987,azmitrichenkore,xbrackenre@yellowbook.com,"pY8{hbjwbki,"
988,wmarcomberf,rvocerf@google.ca,"bZ6(uECG,e"
989,dpullenrg,fhinerrg@zimbio.com,fQ4@(<mf
990,ctooheyrh,aleipoldrh@bloglines.com,aJ1*+fW\H4w
991,amyringri,rfeldmanri@columbia.edu,zU0?AG>\
992,cdingleyrj,bslinnrj@spotify.com,qS5)wfSq
993,fblazynskirk,sboncoeurrk@weibo.com,zV4/=\aL
994,emalerl,lellerrl@xrea.com,eL4+hv8<<
995,jfirmanrm,iwilbrahamrm@wired.com,yK6#C0vQ&19g
996,mpetrikrn,bquarlessrn@hp.com,aN9+GEPM
997,cfluryro,kchestersro@illinois.edu,zW4'(R}+&
998,etrokerrp,aheathcoterp@examiner.com,jL7(O~6*bX5l1QpA
999,nchallonerrq,hheavyrq@google.it,zB5|O(7jZN7
1000,ndoumencrr,csyrettrr@economist.com,bR4+ggO(
